"Country","State","District","Sub-District","Year","Infant Mortality Rate (Imr) (UOM:%(Percentage)), Scaling Factor:1","People Living In Kutchha Houses (%) (UOM:%(Percentage)), Scaling Factor:1","Percentage Of Households Not Using Solid Cooking Fuel (%) (UOM:%(Percentage)), Scaling Factor:1","Percentage Of Households Without Electricity Connection (%) (UOM:%(Percentage)), Scaling Factor:1","Mothers Who Did Not Consume Iron Folic Acid For 180 Days Or More When They Were Pregnant (%) (UOM:%(Percentage)), Scaling Factor:1","Mothers Who Have Not Had At Least 4 Antenatal Care Visits (%) (UOM:%(Percentage)), Scaling Factor:1","Women Age 15-49 Years Who Are Anemic (%) (UOM:%(Percentage)), Scaling Factor:1","Households With Not Even One Household Member Has Completed Six Years Of Schooling (%) (UOM:%(Percentage)), Scaling Factor:1","Children Age 6 To 59 Months Who Are Underweight Or Stunted (%) (UOM:%(Percentage)), Scaling Factor:1","Children Aged 9-35 Months Who Did Not Receive Vitamin A Dose (%) (UOM:%(Percentage)), Scaling Factor:1","Per Capita Income At Current Prices 2019-20 (UOM:INR(IndianRupees)), Scaling Factor:1"
"India","Karnataka","Bagalkote","Badami","Financial Year (Apr - Mar), 2020","14.07","56.81","53.65","0.86","77.18","17.22","44.51","8.47","60.60","60.20","164133"
"India","Karnataka","Bagalkote","","Financial Year (Apr - Mar), 2020","6.87","54.59","48.91","0.77","81.61","11.75","47.43","11.09","48.80","64.93","198467"
"India","Karnataka","Bagalkote","","Financial Year (Apr - Mar), 2020","3.67","50.55","50.01","0.96","77.99","28.20","50.49","9.68","37.90","73.71","160795"
"India","Karnataka","Bagalkote","Guledgudda","Financial Year (Apr - Mar), 2020","10.70","57.19","50.56","1.19","83.87","26.20","51.55","4.84","55.57","78.32","192735"
"India","Karnataka","Bagalkote","","Financial Year (Apr - Mar), 2020","1.84","35.11","","0.33","97.50","None","50.39","11.53","49.78","59.94","232010"
"India","Karnataka","Bagalkote","Ilkal","Financial Year (Apr - Mar), 2020","0.26","33.18","60.39","0.11","95.99","7.46","48.72","8.20","54.71","35.20","147784"
"India","Karnataka","Bagalkote","Jamkhandi","Financial Year (Apr - Mar), 2020","37.11","42.45","","1.42","73.91","None","42.49","4.45","50.61","70.13","187955"
"India","Karnataka","Bagalkote","Mudhol","Financial Year (Apr - Mar), 2020","21.67","47.34","41.72","0.98","63.22","13.45","46.53","10.35","48.20","64.02","188586"
"India","Karnataka","Bagalkote","Rabakavi Banahatti","Financial Year (Apr - Mar), 2020","12.42","32.45","","1.45","75.44","11.05","44.36","5.69","48.46","60.95","110308"
"India","Karnataka","Ballari","Ballari","Financial Year (Apr - Mar), 2020","51.77","39.84","39.28","0.52","95.67","34.38","52.53","13.61","42.12","67.57","173684"
"India","Karnataka","Ballari","Hadagalli","Financial Year (Apr - Mar), 2020","23.73","63.66","35.36","3.00","85.06","22.75","54.16","17.07","39.33","69.24","128002"
"India","Karnataka","Ballari","Harapanahalli","Financial Year (Apr - Mar), 2020","11.87","52.34","43.92","3.56","85.28","27.41","47.72","12.94","37.97","68.27","92793"
"India","Karnataka","Ballari","","Financial Year (Apr - Mar), 2020","15.72","44.40","20.26","1.99","NaN","28.96","54.92","9.64","42.38","73.80","127623"
"India","Karnataka","Ballari","Kampli","Financial Year (Apr - Mar), 2020","38.44","47.24","","1.45","90.39","33.64","60.60","13.43","43.81","62.88","147220"
"India","Karnataka","Ballari","Kotturu","Financial Year (Apr - Mar), 2020","6.91","52.45","42.27","2.88","92.18","12.76","50.62","14.74","43.18","76.93","121607"
"India","Karnataka","Ballari","Kudligi","Financial Year (Apr - Mar), 2020","60.00","61.27","68.81","6.27","98.24","32.05","40.70","20.05","47.14","82.73","152649"
"India","Karnataka","Ballari","Kurugodu","Financial Year (Apr - Mar), 2020","29.70","35.59","","","92.20","None","52.68","11.05","43.63","88.70","255974"
"India","Karnataka","Ballari","Sandur","Financial Year (Apr - Mar), 2020","33.88","57.10","45.96","1.30","NaN","22.04","51.85","13.66","35.11","73.22","198231"
"India","Karnataka","Ballari","Siruguppa","Financial Year (Apr - Mar), 2020","36.60","55.60","","0.95","NaN","24.95","56.59","17.13","45.44","71.43","165734"
"India","Karnataka","Belagavi","Athni","Financial Year (Apr - Mar), 2020","6.90","30.97","31.81","0.37","85.11","23.22","48.10","5.07","33.31","40.48","110687"
"India","Karnataka","Belagavi","","Financial Year (Apr - Mar), 2020","None","46.30","45.28","","95.06","18.52","49.00","8.51","35.97","50.90","116368"
"India","Karnataka","Belagavi","Belagavi","Financial Year (Apr - Mar), 2020","34.19","27.20","16.37","0.91","85.34","15.20","46.95","4.06","32.44","63.14","121299"
"India","Karnataka","Belagavi","","Financial Year (Apr - Mar), 2020","NaN","28.01","14.21","0.50","69.21","19.94","47.80","3.94","29.38","47.64","132353"
"India","Karnataka","Belagavi","Gokak","Financial Year (Apr - Mar), 2020","2.15","39.60","27.36","0.42","81.78","NaN","49.90","7.04","35.12","47.75","106964"
"India","Karnataka","Belagavi","Hukeri","Financial Year (Apr - Mar), 2020","5.97","26.37","17.55","0.19","78.86","25.34","49.51","7.47","31.31","48.79","106382"
"India","Karnataka","Belagavi","Kagwad","Financial Year (Apr - Mar), 2020","11.94","34.02","24.78","0.28","NaN","23.66","45.81","4.46","35.76","48.45","108891"
"India","Karnataka","Belagavi","Khanapur","Financial Year (Apr - Mar), 2020","74.04","41.02","39.67","1.79","None","21.82","43.34","5.63","37.40","45.55","112325"
"India","Karnataka","Belagavi","","Financial Year (Apr - Mar), 2020","35.77","43.41","40.68","1.63","94.07","None","47.75","7.50","34.88","53.85","133467"
"India","Karnataka","Belagavi","Mudalgi","Financial Year (Apr - Mar), 2020","2.67","38.64","26.61","","86.51","26.69","49.84","7.93","36.19","48.29","125567"
"India","Karnataka","Belagavi","Nippani","Financial Year (Apr - Mar), 2020","11.93","32.80","17.00","0.49","59.38","19.52","48.28","3.79","24.29","47.48","107773"
"India","Karnataka","Belagavi","Ramdurg","Financial Year (Apr - Mar), 2020","5.68","57.21","","3.32","90.21","None","48.99","10.83","34.88","54.84","146646"
"India","Karnataka","Belagavi","Raybag","Financial Year (Apr - Mar), 2020","NaN","40.08","","0.58","84.28","NaN","48.30","6.26","35.87","45.73","105929"
"India","Karnataka","Belagavi","Savadatti","Financial Year (Apr - Mar), 2020","8.36","48.57","43.23","3.67","None","19.06","47.42","10.69","32.87","51.36","107876"
"India","Karnataka","Bengaluru Rural","Devanahalli","Financial Year (Apr - Mar), 2020","7.54","","4.28","0.51","69.05","4.40","38.40","3.45","29.54","44.74","168222"
"India","Karnataka","Bengaluru Rural","Dodda Ballapur","Financial Year (Apr - Mar), 2020","15.68","20.69","9.05","1.45","75.55","0.68","52.08","4.97","36.93","29.12","187189"
"India","Karnataka","Bengaluru Rural","Hosakote","Financial Year (Apr - Mar), 2020","3.42","19.71","4.53","","68.28","8.73","42.92","3.19","35.44","54.20","189454"
"India","Karnataka","Bengaluru Rural","Nelamangala","Financial Year (Apr - Mar), 2020","48.42","15.79","4.89","","NaN","NaN","33.84","5.47","29.37","43.15","287228"
"India","Karnataka","Bengaluru Urban","Anekal","Financial Year (Apr - Mar), 2020","13.14","14.27","1.41","0.27","None","4.56","34.10","1.70","17.66","58.55","310132"
"India","Karnataka","Bengaluru Urban","Bengaluru East","Financial Year (Apr - Mar), 2020","8.28","2.52","0.33","0.00","95.81","0.57","36.05","1.66","27.20","66.25","326297"
"India","Karnataka","Bengaluru Urban","Bengaluru North","Financial Year (Apr - Mar), 2020","37.37","5.27","2.53","0.00","83.02","2.56","43.42","11.45","46.46","60.17","748342"
"India","Karnataka","Bengaluru Urban","Bengaluru South","Financial Year (Apr - Mar), 2020","10.90","12.85","1.31","0.65","78.86","6.11","32.92","2.44","22.12","63.02","936983"
"India","Karnataka","Bengaluru Urban","Yelahanka","Financial Year (Apr - Mar), 2020","45.16","7.45","1.24","0.00","53.52","3.10","44.67","5.06","37.41","65.03","398780"
"India","Karnataka","Bidar","Aurad","Financial Year (Apr - Mar), 2020","29.41","55.28","45.68","0.93","78.96","22.59","47.81","8.80","56.33","44.08","92057"
"India","Karnataka","Bidar","Basavakalyan","Financial Year (Apr - Mar), 2020","25.23","","43.84","2.05","76.10","21.23","50.02","8.29","38.53","59.63","107872"
"India","Karnataka","Bidar","Bhalki","Financial Year (Apr - Mar), 2020","NaN","58.23","52.15","0.35","88.09","36.47","58.40","5.25","30.03","58.35","105488"
"India","Karnataka","Bidar","Bidar","Financial Year (Apr - Mar), 2020","NaN","","36.40","0.98","86.96","29.89","47.39","8.90","52.05","59.65","125876"
"India","Karnataka","Bidar","Chitaguppa","Financial Year (Apr - Mar), 2020","19.01","44.38","31.72","1.49","87.21","NaN","54.08","11.21","47.24","64.46","105611"
"India","Karnataka","Bidar","Homnabad","Financial Year (Apr - Mar), 2020","21.75","42.64","39.11","2.19","93.45","21.20","57.87","8.62","34.56","69.39","102381"
"India","Karnataka","Bidar","Hulsoor","Financial Year (Apr - Mar), 2020","None","36.75","","3.69","None","14.24","63.13","9.02","55.15","66.89","211174"
"India","Karnataka","Bidar","Kamalnagar","Financial Year (Apr - Mar), 2020","None","62.94","40.67","","81.18","26.62","58.69","5.14","35.87","65.96","97948"
"India","Karnataka","Chamarajanagara","","Financial Year (Apr - Mar), 2020","57.09","36.67","11.00","1.35","83.74","None","43.70","13.26","30.38","61.06","1392252"
"India","Karnataka","Chamarajanagara","Gundlupet","Financial Year (Apr - Mar), 2020","NaN","50.18","8.52","1.59","NaN","8.99","41.08","16.71","30.10","54.45","95368"
"India","Karnataka","Chamarajanagara","Hanur","Financial Year (Apr - Mar), 2020","96.81","31.61","8.55","1.61","None","None","45.96","15.29","24.67","32.82","231320"
"India","Karnataka","Chamarajanagara","Kollegal","Financial Year (Apr - Mar), 2020","18.58","33.45","","1.21","92.36","16.83","38.80","9.52","19.16","64.53","142587"
"India","Karnataka","Chamarajanagara","Yelandur","Financial Year (Apr - Mar), 2020","18.63","31.05","6.96","","92.66","14.57","40.15","9.90","26.88","64.06","166500"
"India","Karnataka","Chikkaballapura","Bagepalli","Financial Year (Apr - Mar), 2020","17.19","30.81","7.52","0.01","86.68","2.13","40.18","14.84","29.57","57.61","136751"
"India","Karnataka","Chikkaballapura","Chikkaballapura","Financial Year (Apr - Mar), 2020","0.00","","6.32","0.02","NaN","NaN","40.05","9.01","14.38","66.97","194130"
"India","Karnataka","Chikkaballapura","","Financial Year (Apr - Mar), 2020","42.52","33.96","7.41","0.00","None","3.59","46.34","10.09","28.17","63.98","153364"
"India","Karnataka","Chikkaballapura","","Financial Year (Apr - Mar), 2020","13.88","33.44","","0.01","94.53","13.42","47.61","13.79","21.85","65.65","92137"
"India","Karnataka","Chikkaballapura","Gudibanda","Financial Year (Apr - Mar), 2020","0.98","30.79","","0.02","NaN","2.42","44.85","13.08","14.49","33.87","88796"
"India","Karnataka","Chikkaballapura","Sidlaghatta","Financial Year (Apr - Mar), 2020","0.33","44.80","12.32","0.00","74.53","2.13","42.08","10.82","12.58","69.23","104407"
"India","Karnataka","Chikkamagaluru","Ajjampura","Financial Year (Apr - Mar), 2020","13.67","43.20","17.73","0.90","None","None","42.25","6.76","30.77","42.82","262841"
"India","Karnataka","Chikkamagaluru","Chikkamagaluru","Financial Year (Apr - Mar), 2020","11.96","39.13","24.73","0.16","84.83","None","35.91","3.77","17.16","69.95","270459"
"India","Karnataka","Chikkamagaluru","Kadur","Financial Year (Apr - Mar), 2020","2.80","31.29","","0.37","71.26","6.68","35.00","4.32","31.83","42.38","148072"
"India","Karnataka","Chikkamagaluru","Koppa","Financial Year (Apr - Mar), 2020","19.24","27.44","22.01","1.23","None","16.24","40.17","3.69","19.98","44.51","701464"
"India","Karnataka","Chikkamagaluru","Mudigere","Financial Year (Apr - Mar), 2020","3.66","28.79","51.38","0.91","80.89","4.86","30.75","5.06","34.24","41.52","156692"
"India","Karnataka","Chikkamagaluru","Narasimharajapura","Financial Year (Apr - Mar), 2020","12.67","29.99","20.86","1.57","79.34","15.48","38.53","5.67","12.97","54.90","505972"
"India","Karnataka","Chikkamagaluru","Sringeri","Financial Year (Apr - Mar), 2020","4.52","17.54","10.86","0.00","84.86","NaN","34.03","3.65","15.14","47.34","438972"
"India","Karnataka","Chikkamagaluru","Tarikere","Financial Year (Apr - Mar), 2020","13.17","48.67","15.99","1.30","67.87","10.30","31.51","8.38","23.40","50.72","307349"
"India","Karnataka","Chitradurga","","Financial Year (Apr - Mar), 2020","2.54","47.62","17.81","0.17","NaN","14.39","36.21","10.87","33.53","57.56","118585"
"India","Karnataka","Chitradurga","","Financial Year (Apr - Mar), 2020","NaN","42.20","21.30","0.27","52.76","18.79","31.73","7.47","26.38","31.52","127469"
"India","Karnataka","Chitradurga","Hiriyur","Financial Year (Apr - Mar), 2020","NaN","","24.06","0.09","73.98","14.37","36.30","7.70","47.35","55.55","127522"
"India","Karnataka","Chitradurga","Holalkere","Financial Year (Apr - Mar), 2020","10.32","45.98","21.35","0.02","64.92","None","34.61","8.64","37.30","52.36","116701"
"India","Karnataka","Chitradurga","","Financial Year (Apr - Mar), 2020","26.07","45.58","20.86","0.25","67.06","27.42","37.59","9.13","35.81","49.79","156114"
"India","Karnataka","Chitradurga","Molakalmuru","Financial Year (Apr - Mar), 2020","NaN","41.83","12.73","0.22","79.69","2.40","50.91","8.97","36.40","50.56","154953"
"India","Karnataka","Dakshina Kannada","","Financial Year (Apr - Mar), 2020","1.05","","25.55","0.01","69.29","6.46","34.90","2.82","30.41","69.89","318604"
"India","Karnataka","Dakshina Kannada","Beltangadi","Financial Year (Apr - Mar), 2020","6.67","24.44","47.04","0.02","NaN","10.41","34.39","1.84","25.87","58.52","330823"
"India","Karnataka","Dakshina Kannada","","Financial Year (Apr - Mar), 2020","6.30","","39.52","0.00","62.72","NaN","32.35","2.07","25.78","39.58","414937"
"India","Karnataka","Dakshina Kannada","Mangaluru","Financial Year (Apr - Mar), 2020","1.03","16.64","8.85","0.09","70.46","5.88","37.27","0.52","20.01","49.49","378750"
"India","Karnataka","Dakshina Kannada","Moodubidire","Financial Year (Apr - Mar), 2020","7.79","20.41","8.77","0.05","71.91","8.95","43.14","0.16","18.60","40.23","788705"
"India","Karnataka","Dakshina Kannada","Puttur","Financial Year (Apr - Mar), 2020","6.90","9.63","24.01","0.00","68.27","14.32","37.88","2.15","26.74","49.65","322839"
"India","Karnataka","Dakshina Kannada","Sulya","Financial Year (Apr - Mar), 2020","6.76","3.91","15.34","0.04","NaN","8.62","28.73","2.86","21.48","46.29","260635"
"India","Karnataka","Davangere","Channagiri","Financial Year (Apr - Mar), 2020","79.36","40.49","21.99","1.41","90.34","13.60","43.66","5.35","30.36","48.64","136427"
"India","Karnataka","Davangere","Davanagere","Financial Year (Apr - Mar), 2020","17.24","61.47","27.19","","85.02","13.96","46.53","3.18","32.60","60.02","174161"
"India","Karnataka","Davangere","Harihar","Financial Year (Apr - Mar), 2020","22.10","37.59","","0.14","92.29","35.16","41.34","3.06","27.36","58.40","112330"
"India","Karnataka","Davangere","Honnali","Financial Year (Apr - Mar), 2020","47.03","48.62","22.23","","None","18.31","43.92","3.63","41.94","54.50","143441"
"India","Karnataka","Davangere","","Financial Year (Apr - Mar), 2020","32.44","","20.99","0.18","84.78","NaN","44.04","5.21","44.18","54.15","164050"
"India","Karnataka","Davangere","Nyamathi","Financial Year (Apr - Mar), 2020","2.43","55.66","20.95","","82.52","8.14","44.36","3.27","55.60","47.59","111450"
"India","Karnataka","Dharwad","Alnavar","Financial Year (Apr - Mar), 2020","39.51","57.49","28.95","0.83","88.33","15.18","58.50","6.70","48.60","59.38","173311"
"India","Karnataka","Dharwad","Annigeri","Financial Year (Apr - Mar), 2020","39.50","55.37","","0.68","94.00","6.96","53.39","6.98","54.86","57.05","180965"
"India","Karnataka","Dharwad","Dharwad","Financial Year (Apr - Mar), 2020","4.02","56.92","30.75","0.66","84.37","7.37","59.94","4.63","51.45","64.86","79630"
"India","Karnataka","Dharwad","Hubballi","Financial Year (Apr - Mar), 2020","47.05","48.91","35.09","0.76","NaN","9.69","46.72","4.15","59.70","52.89","67245"
"India","Karnataka","Dharwad","","Financial Year (Apr - Mar), 2020","11.87","67.59","47.79","0.72","NaN","12.94","59.96","4.60","60.47","51.17","155465"
"India","Karnataka","Dharwad","Kundgol","Financial Year (Apr - Mar), 2020","14.68","","51.27","0.49","75.83","6.81","42.92","4.52","49.84","54.97","132573"
"India","Karnataka","Dharwad","Navalgund","Financial Year (Apr - Mar), 2020","47.43","47.43","36.53","0.55","91.89","8.38","51.37","5.47","50.14","54.71","188091"
"India","Karnataka","Gadag","","Financial Year (Apr - Mar), 2020","NaN","57.37","52.76","","77.50","11.94","50.39","5.66","43.18","50.21","147517"
"India","Karnataka","Gadag","Gajendragad","Financial Year (Apr - Mar), 2020","13.67","58.05","","0.33","91.98","21.58","57.78","11.06","62.13","81.54","110170"
"India","Karnataka","Gadag","Laxmeshwar","Financial Year (Apr - Mar), 2020","19.52","61.00","37.50","","86.29","22.07","43.08","8.16","51.66","63.24","89827"
"India","Karnataka","Gadag","Mundargi","Financial Year (Apr - Mar), 2020","None","","45.19","3.22","93.70","20.21","45.43","9.15","52.50","61.21","139645"
"India","Karnataka","Gadag","Nargund","Financial Year (Apr - Mar), 2020","28.02","56.72","64.90","4.52","85.11","21.52","47.28","9.40","55.22","65.53","135307"
"India","Karnataka","Gadag","Ron","Financial Year (Apr - Mar), 2020","60.15","64.60","","","95.52","36.42","56.55","7.10","60.73","43.89","154969"
"India","Karnataka","Gadag","Shirhatti","Financial Year (Apr - Mar), 2020","10.28","62.55","52.02","1.74","95.47","None","33.29","6.04","59.27","60.03","145007"
"India","Karnataka","Hassan","Alur","Financial Year (Apr - Mar), 2020","NaN","46.60","16.56","0.30","52.08","10.94","44.27","6.90","13.37","44.17","147887"
"India","Karnataka","Hassan","Arkalgud","Financial Year (Apr - Mar), 2020","26.95","41.77","14.16","0.65","55.55","10.53","48.01","8.55","34.11","47.67","241055"
"India","Karnataka","Hassan","Arsikere","Financial Year (Apr - Mar), 2020","89.97","51.64","14.95","","76.30","17.33","43.47","8.10","22.36","64.12","102535"
"India","Karnataka","Hassan","Belur","Financial Year (Apr - Mar), 2020","12.60","55.74","15.11","0.52","66.04","10.71","39.74","8.22","22.31","57.81","128504"
"India","Karnataka","Hassan","Channarayapatna","Financial Year (Apr - Mar), 2020","1.08","43.40","18.32","0.35","74.18","None","54.88","8.05","23.73","40.62","184861"
"India","Karnataka","Hassan","Hassan","Financial Year (Apr - Mar), 2020","6.23","42.68","16.18","0.16","None","NaN","42.75","8.73","14.58","49.40","200009"
"India","Karnataka","Hassan","Hole Narsipur","Financial Year (Apr - Mar), 2020","None","40.47","16.96","0.47","66.60","22.97","44.24","8.74","28.06","46.37","163557"
"India","Karnataka","Hassan","Sakleshpur","Financial Year (Apr - Mar), 2020","22.42","38.90","13.92","0.91","56.90","13.76","45.58","7.26","20.02","58.49","204376"
"India","Karnataka","Haveri","Byadgi","Financial Year (Apr - Mar), 2020","63.17","50.58","46.29","0.03","79.33","6.39","39.11","9.82","49.06","72.93","137788"
"India","Karnataka","Haveri","Hangal","Financial Year (Apr - Mar), 2020","NaN","41.16","46.26","0.20","84.30","25.94","50.69","5.30","44.58","62.24","102786"
"India","Karnataka","Haveri","","Financial Year (Apr - Mar), 2020","16.84","46.73","41.74","0.35","83.70","32.12","51.52","5.27","50.43","60.77","124963"
"India","Karnataka","Haveri","Hirekerur","Financial Year (Apr - Mar), 2020","5.54","52.36","48.47","0.00","86.39","11.23","50.10","6.70","31.06","64.37","105330"
"India","Karnataka","Haveri","Ranibennur","Financial Year (Apr - Mar), 2020","7.46","50.79","48.00","0.07","84.45","NaN","49.77","6.63","28.33","47.37","122145"
"India","Karnataka","Haveri","Rattihalli","Financial Year (Apr - Mar), 2020","None","59.78","46.48","","87.25","19.45","40.32","8.44","27.68","47.21","114302"
"India","Karnataka","Haveri","Savanur","Financial Year (Apr - Mar), 2020","None","44.48","46.07","0.50","86.04","35.13","50.76","7.50","45.48","71.86","103440"
"India","Karnataka","Haveri","Shiggaon","Financial Year (Apr - Mar), 2020","34.58","60.83","46.87","1.23","75.50","29.07","52.41","7.25","44.15","50.88","110381"
"India","Karnataka","Kalaburagi","Afzalpur","Financial Year (Apr - Mar), 2020","5.56","57.99","41.82","0.44","91.62","20.00","56.23","6.89","52.59","48.60","95449"
"India","Karnataka","Kalaburagi","Aland","Financial Year (Apr - Mar), 2020","10.47","58.68","59.49","0.72","96.42","27.93","61.20","11.97","47.98","38.16","103589"
"India","Karnataka","Kalaburagi","Chincholi","Financial Year (Apr - Mar), 2020","7.39","60.88","","1.39","89.37","20.00","50.19","7.65","39.59","52.43","82440"
"India","Karnataka","Kalaburagi","Chittapur","Financial Year (Apr - Mar), 2020","22.35","46.40","48.41","1.64","86.53","21.41","51.97","13.41","69.21","55.18","102692"
"India","Karnataka","Kalaburagi","Jevargi","Financial Year (Apr - Mar), 2020","16.39","59.11","69.19","1.79","86.79","21.73","59.89","9.92","63.43","55.24","82191"
"India","Karnataka","Kalaburagi","Kalaburagi","Financial Year (Apr - Mar), 2020","21.55","53.69","45.10","1.85","81.58","25.37","51.26","7.76","36.75","50.18","96581"
"India","Karnataka","Kalaburagi","Kalagi","Financial Year (Apr - Mar), 2020","29.30","56.91","61.00","2.17","90.92","22.60","47.10","11.84","61.19","68.69","124026"
"India","Karnataka","Kalaburagi","","Financial Year (Apr - Mar), 2020","22.93","63.89","56.70","0.89","85.70","30.17","58.41","7.91","39.67","49.90","158977"
"India","Karnataka","Kalaburagi","","Financial Year (Apr - Mar), 2020","14.67","57.65","54.48","1.65","88.30","NaN","50.87","11.49","54.76","55.55","107423"
"India","Karnataka","Kalaburagi","Shahabad","Financial Year (Apr - Mar), 2020","9.64","44.07","44.42","3.27","93.17","9.62","60.52","18.41","87.60","62.57","69997"
"India","Karnataka","Kalaburagi","Yadrami","Financial Year (Apr - Mar), 2020","33.76","59.89","74.01","1.92","85.36","29.58","66.45","11.00","66.81","67.29","104817"
"India","Karnataka","Kodagu","Madikeri","Financial Year (Apr - Mar), 2020","30.47","36.94","19.47","1.83","85.04","15.49","42.51","3.75","31.83","67.19","214576"
"India","Karnataka","Kodagu","Somvarpet","Financial Year (Apr - Mar), 2020","42.58","38.79","23.50","","None","NaN","40.14","3.72","27.06","54.99","152843"
"India","Karnataka","Kodagu","Virajpet","Financial Year (Apr - Mar), 2020","18.34","34.71","17.01","1.11","67.50","9.27","37.69","6.24","34.86","40.99","211148"
"India","Karnataka","Kolar","Bangarapet","Financial Year (Apr - Mar), 2020","1.56","27.60","9.51","0.14","88.51","11.41","40.36","4.98","21.94","60.45","116162"
"India","Karnataka","Kolar","Kolar","Financial Year (Apr - Mar), 2020","0.89","33.69","14.03","0.18","67.82","1.08","34.70","4.30","21.63","36.70","132383"
"India","Karnataka","Kolar","","Financial Year (Apr - Mar), 2020","4.66","30.48","","0.10","77.23","4.28","41.37","6.34","25.20","47.81","105742"
"India","Karnataka","Kolar","Malur","Financial Year (Apr - Mar), 2020","3.94","38.81","5.79","0.59","67.02","5.79","42.06","5.66","18.91","48.91","210291"
"India","Karnataka","Kolar","Mulbagal","Financial Year (Apr - Mar), 2020","36.72","38.28","13.97","","NaN","4.65","42.17","6.69","16.38","43.90","155743"
"India","Karnataka","Kolar","Srinivaspur","Financial Year (Apr - Mar), 2020","None","26.42","","0.12","87.20","3.85","45.40","6.02","21.21","47.43","134522"
"India","Karnataka","Koppal","Gangawati","Financial Year (Apr - Mar), 2020","9.46","52.48","60.59","0.60","97.82","NaN","57.89","11.62","53.28","72.97","100364"
"India","Karnataka","Koppal","Kanakagiri","Financial Year (Apr - Mar), 2020","NaN","","58.13","0.63","97.32","31.19","48.97","15.59","42.31","77.19","191509"
"India","Karnataka","Koppal","Karatagi","Financial Year (Apr - Mar), 2020","48.48","","47.67","","None","29.96","49.30","9.53","50.68","79.88","115906"
"India","Karnataka","Koppal","Koppal","Financial Year (Apr - Mar), 2020","29.94","","","0.53","92.92","25.75","52.15","10.52","49.01","62.64","117765"
"India","Karnataka","Koppal","Kukunoor","Financial Year (Apr - Mar), 2020","46.39","62.44","53.94","0.86","97.51","37.55","46.63","12.85","47.36","77.07","104288"
"India","Karnataka","Koppal","","Financial Year (Apr - Mar), 2020","55.65","55.91","73.27","0.36","97.42","None","48.18","15.16","36.30","74.60","99589"
"India","Karnataka","Koppal","Yelbarga","Financial Year (Apr - Mar), 2020","26.64","54.29","63.45","","None","35.73","51.87","14.60","49.70","79.13","84016"
"India","Karnataka","Mandya","","Financial Year (Apr - Mar), 2020","7.16","24.46","10.97","","92.09","None","37.84","10.00","15.58","48.84","262249"
"India","Karnataka","Mandya","Maddur","Financial Year (Apr - Mar), 2020","NaN","36.51","13.26","","89.10","5.37","43.26","10.85","20.53","46.57","88522"
"India","Karnataka","Mandya","","Financial Year (Apr - Mar), 2020","None","36.55","8.44","0.57","82.82","4.81","43.63","10.17","12.77","53.40","71001"
"India","Karnataka","Mandya","Mandya","Financial Year (Apr - Mar), 2020","29.50","21.88","8.32","1.43","89.84","7.55","37.33","9.10","21.73","46.25","129791"
"India","Karnataka","Mandya","Nagamangala","Financial Year (Apr - Mar), 2020","None","34.92","15.08","1.11","70.99","5.13","38.86","11.11","14.94","53.13","243150"
"India","Karnataka","Mandya","Pandavapura","Financial Year (Apr - Mar), 2020","7.16","27.19","7.27","","95.37","4.76","39.11","8.46","30.99","51.99","390901"
"India","Karnataka","Mandya","","Financial Year (Apr - Mar), 2020","7.16","23.27","8.17","1.50","87.18","12.07","42.01","8.74","18.27","58.10","237734"
"India","Karnataka","Mysuru","Heggadadevankote","Financial Year (Apr - Mar), 2020","7.16","41.16","6.12","1.93","62.93","21.04","46.26","9.16","37.60","55.07","110973"
"India","Karnataka","Mysuru","Hunsur","Financial Year (Apr - Mar), 2020","7.16","31.83","3.74","1.92","78.95","11.47","50.17","10.28","25.45","63.43","142615"
"India","Karnataka","Mysuru","Krishnarajanagara","Financial Year (Apr - Mar), 2020","7.16","43.31","8.50","","68.48","12.07","54.51","8.60","37.88","65.47","305652"
"India","Karnataka","Mysuru","Mysuru","Financial Year (Apr - Mar), 2020","NaN","31.20","3.53","2.21","76.98","7.52","43.68","6.71","39.00","44.64","179865"
"India","Karnataka","Mysuru","","Financial Year (Apr - Mar), 2020","NaN","42.14","10.79","0.45","81.06","4.32","56.00","9.62","30.33","79.75","165366"
"India","Karnataka","Mysuru","Piriyapatna","Financial Year (Apr - Mar), 2020","7.16","39.14","","1.28","47.72","9.89","48.78","9.67","18.67","62.08","125315"
"India","Karnataka","Mysuru","Saraguru","Financial Year (Apr - Mar), 2020","7.16","40.60","6.50","0.82","None","14.75","47.46","9.89","34.23","70.23","108241"
"India","Karnataka","Mysuru","Tirumakudal - Narsipur","Financial Year (Apr - Mar), 2020","3.58","30.93","5.82","0.83","44.24","NaN","53.07","5.74","28.04","65.32","108778"
"India","Karnataka","Raichur","Devadurga","Financial Year (Apr - Mar), 2020","72.33","32.43","47.46","0.13","84.74","13.33","57.02","19.68","51.02","61.77","93051"
"India","Karnataka","Raichur","","Financial Year (Apr - Mar), 2020","34.98","42.64","48.92","","77.74","12.21","55.00","13.46","47.81","71.35","1113286"
"India","Karnataka","Raichur","","Financial Year (Apr - Mar), 2020","17.74","52.00","38.42","0.27","83.55","14.56","56.40","15.62","33.69","54.32","114306"
"India","Karnataka","Raichur","","Financial Year (Apr - Mar), 2020","None","","41.42","1.02","77.90","11.96","60.14","16.48","40.81","64.84","145930"
"India","Karnataka","Raichur","Raichur","Financial Year (Apr - Mar), 2020","18.91","56.66","48.91","0.07","79.70","None","60.77","17.94","45.63","60.50","116146"
"India","Karnataka","Raichur","Sindhnur","Financial Year (Apr - Mar), 2020","41.98","49.98","25.17","1.24","78.52","14.65","55.73","13.86","30.19","53.73","133127"
"India","Karnataka","Raichur","Sirwar","Financial Year (Apr - Mar), 2020","35.80","45.19","52.40","0.15","NaN","10.82","55.42","15.47","40.74","57.49","93243"
"India","Karnataka","Ramanagara","Channapatna","Financial Year (Apr - Mar), 2020","36.30","25.99","10.64","0.44","81.71","4.46","43.76","9.27","16.28","66.83","176826"
"India","Karnataka","Ramanagara","Kanakapura","Financial Year (Apr - Mar), 2020","5.00","25.61","4.50","0.30","73.53","3.21","48.60","11.23","20.09","54.23","171245"
"India","Karnataka","Ramanagara","Magadi","Financial Year (Apr - Mar), 2020","79.80","41.48","4.97","0.19","84.77","2.76","36.26","9.57","11.60","60.65","178569"
"India","Karnataka","Ramanagara","Ramanagara","Financial Year (Apr - Mar), 2020","50.77","28.92","10.56","0.22","None","6.09","39.77","7.03","17.74","56.27","255887"
"India","Karnataka","Shivamogga","Bhadravati","Financial Year (Apr - Mar), 2020","3.69","47.33","8.93","0.18","64.61","11.42","37.55","4.08","29.08","50.04","203491"
"India","Karnataka","Shivamogga","Hosanagara","Financial Year (Apr - Mar), 2020","1.73","63.58","35.09","","None","7.11","36.69","8.83","29.59","53.53","199376"
"India","Karnataka","Shivamogga","Sagar","Financial Year (Apr - Mar), 2020","1.73","","29.56","1.02","NaN","11.24","39.54","8.83","23.04","53.03","240661"
"India","Karnataka","Shivamogga","Shikarpur","Financial Year (Apr - Mar), 2020","3.47","58.17","27.99","0.25","78.06","8.82","43.06","8.73","25.63","46.43","184300"
"India","Karnataka","Shivamogga","Shivamogga","Financial Year (Apr - Mar), 2020","14.81","55.74","12.48","0.51","None","6.87","40.31","4.47","31.83","53.79","248273"
"India","Karnataka","Shivamogga","Sorab","Financial Year (Apr - Mar), 2020","3.47","61.71","42.21","1.91","None","12.14","42.70","11.66","35.18","55.75","176634"
"India","Karnataka","Shivamogga","Tirthahalli","Financial Year (Apr - Mar), 2020","3.79","72.12","29.57","0.25","59.30","10.87","37.61","7.15","24.00","44.23","209593"
"India","Karnataka","Tumakuru","Chiknayakanhalli","Financial Year (Apr - Mar), 2020","11.00","29.80","17.88","0.13","79.42","8.11","47.60","6.91","20.29","63.82","203923"
"India","Karnataka","Tumakuru","Gubbi","Financial Year (Apr - Mar), 2020","21.68","26.92","31.48","0.22","63.25","7.99","45.55","7.52","29.32","55.52","171715"
"India","Karnataka","Tumakuru","","Financial Year (Apr - Mar), 2020","6.51","27.49","27.59","0.43","70.41","9.41","43.63","7.59","28.69","57.49","162413"
"India","Karnataka","Tumakuru","Kunigal","Financial Year (Apr - Mar), 2020","NaN","37.84","27.54","0.50","71.30","15.30","43.03","11.12","23.77","74.60","159824"
"India","Karnataka","Tumakuru","Madhugiri","Financial Year (Apr - Mar), 2020","16.13","","","0.43","86.47","6.62","44.50","7.54","35.58","55.50","141840"
"India","Karnataka","Tumakuru","Pavagada","Financial Year (Apr - Mar), 2020","None","52.67","11.11","0.95","73.32","5.50","42.39","8.21","45.30","40.58","186792"
"India","Karnataka","Tumakuru","Sira","Financial Year (Apr - Mar), 2020","13.40","36.17","17.59","0.71","81.91","7.56","42.99","8.55","35.73","40.02","205762"
"India","Karnataka","Tumakuru","Tiptur","Financial Year (Apr - Mar), 2020","57.98","","","0.25","82.70","18.18","46.63","7.15","23.50","46.85","195851"
"India","Karnataka","Tumakuru","","Financial Year (Apr - Mar), 2020","23.12","26.92","27.48","0.31","80.37","5.97","53.03","6.28","28.52","60.80","189192"
"India","Karnataka","Tumakuru","Turuvekere","Financial Year (Apr - Mar), 2020","30.10","","26.91","0.16","59.58","8.89","42.35","8.09","18.25","57.41","222227"
"India","Karnataka","Udupi","","Financial Year (Apr - Mar), 2020","33.92","22.13","33.75","0.04","34.15","31.16","46.32","3.81","21.13","48.53","226468"
"India","Karnataka","Udupi","Brahmavara","Financial Year (Apr - Mar), 2020","1.03","33.24","36.27","","69.42","22.72","40.80","3.10","22.64","42.40","328369"
"India","Karnataka","Udupi","","Financial Year (Apr - Mar), 2020","4.86","16.55","47.11","0.40","64.70","None","57.49","3.39","23.96","54.48","359778"
"India","Karnataka","Udupi","Kapu","Financial Year (Apr - Mar), 2020","NaN","15.82","30.86","0.04","66.66","None","44.21","5.02","20.43","34.69","312553"
"India","Karnataka","Udupi","Karkal","Financial Year (Apr - Mar), 2020","17.41","22.55","34.01","1.83","61.68","17.99","48.72","1.30","19.33","77.03","326545"
"India","Karnataka","Udupi","Kundapura","Financial Year (Apr - Mar), 2020","14.27","19.84","30.87","0.23","51.42","24.73","42.75","5.21","25.91","46.87","243563"
"India","Karnataka","Udupi","Udupi","Financial Year (Apr - Mar), 2020","2.31","26.19","37.01","0.11","NaN","15.13","42.83","3.83","22.24","57.27","327115"
"India","Karnataka","Uttara Kannada","Ankola","Financial Year (Apr - Mar), 2020","7.55","21.57","44.65","2.03","71.95","22.45","48.15","8.22","30.65","53.05","136579"
"India","Karnataka","Uttara Kannada","Bhatkal","Financial Year (Apr - Mar), 2020","None","14.07","25.62","0.99","92.11","21.72","47.94","5.84","20.54","62.36","155537"
"India","Karnataka","Uttara Kannada","Dandeli","Financial Year (Apr - Mar), 2020","50.39","50.73","62.01","3.69","94.81","23.32","41.89","10.96","37.45","61.43","66599"
"India","Karnataka","Uttara Kannada","Haliyal","Financial Year (Apr - Mar), 2020","None","54.01","61.34","4.28","81.81","15.75","44.69","9.62","35.51","47.45","145489"
"India","Karnataka","Uttara Kannada","","Financial Year (Apr - Mar), 2020","15.38","16.08","","1.48","60.06","29.44","44.33","5.13","36.44","60.31","182533"
"India","Karnataka","Uttara Kannada","","Financial Year (Apr - Mar), 2020","27.32","43.90","52.50","1.18","88.77","30.32","46.31","9.07","37.25","72.44","155856"
"India","Karnataka","Uttara Kannada","Kumta","Financial Year (Apr - Mar), 2020","79.95","21.06","40.52","1.43","NaN","28.90","44.39","5.64","25.05","34.63","182938"
"India","Karnataka","Uttara Kannada","Mundgod","Financial Year (Apr - Mar), 2020","10.41","46.83","34.72","0.51","97.31","38.40","38.16","6.53","48.62","58.85","146023"
"India","Karnataka","Uttara Kannada","Siddapur","Financial Year (Apr - Mar), 2020","20.76","30.31","36.23","2.15","71.79","32.82","42.64","5.26","27.32","53.64","239129"
"India","Karnataka","Uttara Kannada","Sirsi","Financial Year (Apr - Mar), 2020","1.11","50.24","13.89","0.83","97.45","15.08","31.82","3.51","13.73","45.11","196736"
"India","Karnataka","Uttara Kannada","","Financial Year (Apr - Mar), 2020","None","56.49","72.21","2.58","None","10.59","43.61","12.84","42.26","60.25","152651"
"India","Karnataka","Uttara Kannada","Yellapur","Financial Year (Apr - Mar), 2020","11.44","37.49","","1.12","85.66","40.24","35.21","8.19","37.46","83.37","147265"
"India","Karnataka","Vijayapura","Babaleshwar","Financial Year (Apr - Mar), 2020","0.67","44.23","48.06","","83.77","19.48","47.50","8.78","45.65","57.51","217333"
"India","Karnataka","Vijayapura","Basavana Bagevadi","Financial Year (Apr - Mar), 2020","12.20","51.18","","","85.21","30.53","46.66","16.67","45.37","59.33","114151"
"India","Karnataka","Vijayapura","Chadachan","Financial Year (Apr - Mar), 2020","12.66","47.07","","","83.37","18.72","53.84","8.11","49.14","55.86","109558"
"India","Karnataka","Vijayapura","Devara Hipparagi","Financial Year (Apr - Mar), 2020","23.24","38.64","","0.78","NaN","23.10","50.04","8.54","49.12","59.18","135545"
"India","Karnataka","Vijayapura","Indi","Financial Year (Apr - Mar), 2020","14.79","53.74","52.05","6.89","79.88","18.79","51.17","8.08","51.72","58.71","94029"
"India","Karnataka","Vijayapura","Kolhar","Financial Year (Apr - Mar), 2020","24.37","47.08","56.58","1.57","91.01","NaN","49.52","10.46","47.11","62.24","109141"
"India","Karnataka","Vijayapura","Muddebihal","Financial Year (Apr - Mar), 2020","None","59.29","60.34","5.11","85.99","30.25","48.16","15.65","50.51","57.17","157615"
"India","Karnataka","Vijayapura","Nidagundi","Financial Year (Apr - Mar), 2020","28.64","47.09","58.31","3.20","93.26","28.23","52.35","13.57","48.51","60.34","132627"
"India","Karnataka","Vijayapura","Sindgi","Financial Year (Apr - Mar), 2020","19.39","51.64","54.16","","91.22","22.44","47.60","7.99","50.59","52.50","108827"
"India","Karnataka","Vijayapura","Talikoti","Financial Year (Apr - Mar), 2020","18.12","55.33","53.60","","87.98","29.81","51.01","16.39","44.64","56.43","81016"
"India","Karnataka","Vijayapura","Tikota","Financial Year (Apr - Mar), 2020","18.12","34.80","40.57","1.98","82.38","20.75","44.89","9.91","52.42","58.22","171902"
"India","Karnataka","Vijayapura","Vijayapura","Financial Year (Apr - Mar), 2020","None","36.42","","2.08","82.39","18.75","50.94","7.95","51.18","57.78","71993"
"India","Karnataka","Yadgir","Gurumitkal","Financial Year (Apr - Mar), 2020","48.33","","","","93.90","25.64","51.60","24.42","58.50","42.63","112424"
"India","Karnataka","Yadgir","Hunasagi","Financial Year (Apr - Mar), 2020","8.42","52.94","59.88","0.27","91.97","20.38","52.93","14.57","50.13","51.19","103933"
"India","Karnataka","Yadgir","Shahpur","Financial Year (Apr - Mar), 2020","NaN","38.98","62.52","0.39","93.13","15.33","51.18","18.48","46.04","63.54","112182"
"India","Karnataka","Yadgir","Shorapur","Financial Year (Apr - Mar), 2020","13.12","48.95","49.22","0.39","93.10","24.88","53.11","14.74","53.34","57.97","99646"
"India","Karnataka","Yadgir","Wadagera","Financial Year (Apr - Mar), 2020","23.26","","67.32","1.23","94.99","14.23","65.31","21.26","46.76","64.54","183326"
"India","Karnataka","Yadgir","Yadgir","Financial Year (Apr - Mar), 2020","42.41","","","0.44","94.26","30.73","46.13","24.82","55.20","57.56","102487"
"India","Karnataka","Chikkamagaluru","Ajjampura","Financial Year (Apr - Mar), 2020","13.67","43.20","17.73","0.90","70.20","15.92","42.25","6.76","30.77","42.82","262841"
"India","Karnataka","Bidar","Bidar","Financial Year (Apr - Mar), 2020","24.23","","36.40","0.98","NaN","29.89","47.39","8.90","52.05","59.65","125876"
"India","Karnataka","Belagavi","","Financial Year (Apr - Mar), 2020","9.78","28.01","14.21","0.50","69.21","19.94","47.80","3.94","29.38","47.64","132353"
"India","Karnataka","Mandya","","Financial Year (Apr - Mar), 2020","7.16","24.46","10.97","","NaN","1.64","37.84","10.00","15.58","48.84","262249"
"India","Karnataka","Mysuru","Krishnarajanagara","Financial Year (Apr - Mar), 2020","7.16","43.31","8.50","","68.48","12.07","54.51","8.60","37.88","65.47","305652"
"India","Karnataka","Udupi","","Financial Year (Apr - Mar), 2020","4.86","16.55","47.11","0.40","64.70","19.07","57.49","3.39","23.96","54.48","359778"
"India","Karnataka","Uttara Kannada","","Financial Year (Apr - Mar), 2020","80.92","56.49","72.21","2.58","94.53","10.59","43.61","12.84","42.26","60.25","152651"
"India","Karnataka","Bidar","Chitaguppa","Financial Year (Apr - Mar), 2020","19.01","44.38","31.72","1.49","NaN","22.02","54.08","11.21","47.24","64.46","105611"
"India","Karnataka","Davangere","Davanagere","Financial Year (Apr - Mar), 2020","NaN","61.47","27.19","","85.02","13.96","46.53","3.18","32.60","60.02","174161"
"India","Karnataka","Udupi","Brahmavara","Financial Year (Apr - Mar), 2020","None","33.24","36.27","","69.42","22.72","40.80","3.10","22.64","42.40","328369"
"India","Karnataka","Belagavi","Savadatti","Financial Year (Apr - Mar), 2020","8.36","48.57","43.23","3.67","92.62","19.06","47.42","10.69","32.87","51.36","107876"
"India","Karnataka","Kolar","","Financial Year (Apr - Mar), 2020","4.66","30.48","","0.10","77.23","4.28","41.37","6.34","25.20","47.81","105742"
"India","Karnataka","Chamarajanagara","Hanur","Financial Year (Apr - Mar), 2020","96.81","31.61","8.55","1.61","88.96","6.57","45.96","15.29","24.67","32.82","231320"
"India","Karnataka","Vijayapura","Indi","Financial Year (Apr - Mar), 2020","14.79","53.74","52.05","6.89","79.88","18.79","51.17","8.08","51.72","58.71","94029"
"India","Karnataka","Shivamogga","Hosanagara","Financial Year (Apr - Mar), 2020","1.73","63.58","35.09","","NaN","7.11","36.69","8.83","29.59","53.53","199376"
"India","Karnataka","Chikkamagaluru","Tarikere","Financial Year (Apr - Mar), 2020","13.17","48.67","15.99","1.30","67.87","10.30","31.51","8.38","23.40","50.72","307349"
"India","Karnataka","Kodagu","Somvarpet","Financial Year (Apr - Mar), 2020","42.58","38.79","23.50","","78.28","11.41","40.14","3.72","27.06","54.99","152843"
"India","Karnataka","Dharwad","Annigeri","Financial Year (Apr - Mar), 2020","39.50","55.37","","0.68","94.00","6.96","53.39","6.98","54.86","57.05","180965"
"India","Karnataka","Chitradurga","Molakalmuru","Financial Year (Apr - Mar), 2020","8.84","41.83","12.73","0.22","79.69","2.40","50.91","8.97","36.40","50.56","154953"
"India","Karnataka","Udupi","Kapu","Financial Year (Apr - Mar), 2020","None","15.82","30.86","0.04","66.66","9.09","44.21","5.02","20.43","34.69","312553"
"India","Karnataka","Tumakuru","","Financial Year (Apr - Mar), 2020","None","26.92","27.48","0.31","NaN","5.97","53.03","6.28","28.52","60.80","189192"
"India","Karnataka","Kolar","Bangarapet","Financial Year (Apr - Mar), 2020","1.56","27.60","9.51","0.14","88.51","11.41","40.36","4.98","21.94","60.45","116162"
"India","Karnataka","Bidar","Kamalnagar","Financial Year (Apr - Mar), 2020","None","62.94","40.67","","81.18","NaN","58.69","5.14","35.87","65.96","97948"
"India","Karnataka","Chitradurga","Holalkere","Financial Year (Apr - Mar), 2020","10.32","45.98","21.35","0.02","64.92","18.16","34.61","8.64","37.30","52.36","116701"
"India","Karnataka","Bengaluru Urban","Bengaluru South","Financial Year (Apr - Mar), 2020","10.90","12.85","1.31","0.65","78.86","6.11","32.92","2.44","22.12","63.02","936983"
"India","Karnataka","Yadgir","Yadgir","Financial Year (Apr - Mar), 2020","42.41","","","0.44","NaN","30.73","46.13","24.82","55.20","57.56","102487"
"India","Karnataka","Hassan","Sakleshpur","Financial Year (Apr - Mar), 2020","22.42","38.90","13.92","0.91","56.90","13.76","45.58","7.26","20.02","58.49","204376"
"India","Karnataka","Mandya","Maddur","Financial Year (Apr - Mar), 2020","None","36.51","13.26","","89.10","NaN","43.26","10.85","20.53","46.57","88522"
"India","Karnataka","Kalaburagi","Yadrami","Financial Year (Apr - Mar), 2020","NaN","59.89","74.01","1.92","85.36","29.58","66.45","11.00","66.81","67.29","104817"
"India","Karnataka","Kolar","Mulbagal","Financial Year (Apr - Mar), 2020","None","38.28","13.97","","70.24","4.65","42.17","6.69","16.38","43.90","155743"
"India","Karnataka","Dakshina Kannada","Sulya","Financial Year (Apr - Mar), 2020","6.76","3.91","15.34","0.04","76.44","8.62","28.73","2.86","21.48","46.29","260635"
"India","Karnataka","Belagavi","Hukeri","Financial Year (Apr - Mar), 2020","5.97","26.37","17.55","0.19","78.86","25.34","49.51","7.47","31.31","48.79","106382"
"India","Karnataka","Uttara Kannada","Yellapur","Financial Year (Apr - Mar), 2020","11.44","37.49","","1.12","85.66","40.24","35.21","8.19","37.46","83.37","147265"
"India","Karnataka","Belagavi","Savadatti","Financial Year (Apr - Mar), 2020","8.36","48.57","43.23","3.67","92.62","19.06","47.42","10.69","32.87","51.36","107876"
"India","Karnataka","Haveri","Byadgi","Financial Year (Apr - Mar), 2020","63.17","50.58","46.29","0.03","79.33","6.39","39.11","9.82","49.06","72.93","137788"
"India","Karnataka","Shivamogga","Bhadravati","Financial Year (Apr - Mar), 2020","3.69","47.33","8.93","0.18","64.61","11.42","37.55","4.08","29.08","50.04","203491"
"India","Karnataka","Yadgir","Yadgir","Financial Year (Apr - Mar), 2020","42.41","","","0.44","94.26","30.73","46.13","24.82","55.20","57.56","102487"
"India","Karnataka","Vijayapura","Muddebihal","Financial Year (Apr - Mar), 2020","31.12","59.29","60.34","5.11","85.99","30.25","48.16","15.65","50.51","57.17","157615"
"India","Karnataka","Belagavi","Gokak","Financial Year (Apr - Mar), 2020","2.15","39.60","27.36","0.42","81.78","25.71","49.90","7.04","35.12","47.75","106964"
"India","Karnataka","Ballari","","Financial Year (Apr - Mar), 2020","15.72","44.40","20.26","1.99","81.11","28.96","54.92","9.64","42.38","73.80","127623"
"India","Karnataka","Tumakuru","Gubbi","Financial Year (Apr - Mar), 2020","21.68","26.92","31.48","0.22","63.25","7.99","45.55","7.52","29.32","55.52","171715"
"India","Karnataka","Haveri","Byadgi","Financial Year (Apr - Mar), 2020","63.17","50.58","46.29","0.03","79.33","6.39","39.11","9.82","49.06","72.93","137788"
"India","Karnataka","Bengaluru Urban","Anekal","Financial Year (Apr - Mar), 2020","13.14","14.27","1.41","0.27","91.66","None","34.10","1.70","17.66","58.55","310132"
"India","Karnataka","Hassan","Arkalgud","Financial Year (Apr - Mar), 2020","26.95","41.77","14.16","0.65","55.55","10.53","48.01","8.55","34.11","47.67","241055"
"India","Karnataka","Davangere","Davanagere","Financial Year (Apr - Mar), 2020","17.24","61.47","27.19","","85.02","13.96","46.53","3.18","32.60","60.02","174161"
"India","Karnataka","Dharwad","","Financial Year (Apr - Mar), 2020","11.87","67.59","47.79","0.72","76.16","12.94","59.96","4.60","60.47","51.17","155465"
"India","Karnataka","Ballari","Sandur","Financial Year (Apr - Mar), 2020","33.88","57.10","45.96","1.30","85.44","22.04","51.85","13.66","35.11","73.22","198231"
"India","Karnataka","Chikkamagaluru","Tarikere","Financial Year (Apr - Mar), 2020","13.17","48.67","15.99","1.30","67.87","10.30","31.51","8.38","23.40","50.72","307349"
"India","Karnataka","Kalaburagi","Chittapur","Financial Year (Apr - Mar), 2020","NaN","46.40","48.41","1.64","86.53","21.41","51.97","13.41","69.21","55.18","102692"
"India","Karnataka","Mandya","Mandya","Financial Year (Apr - Mar), 2020","29.50","21.88","8.32","1.43","None","7.55","37.33","9.10","21.73","46.25","129791"
"India","Karnataka","Davangere","","Financial Year (Apr - Mar), 2020","None","","20.99","0.18","84.78","17.06","44.04","5.21","44.18","54.15","164050"
"India","Karnataka","Uttara Kannada","","Financial Year (Apr - Mar), 2020","27.32","43.90","52.50","1.18","88.77","30.32","46.31","9.07","37.25","72.44","155856"
"India","Karnataka","Haveri","Shiggaon","Financial Year (Apr - Mar), 2020","None","60.83","46.87","1.23","75.50","29.07","52.41","7.25","44.15","50.88","110381"
"India","Karnataka","Mandya","Maddur","Financial Year (Apr - Mar), 2020","7.16","36.51","13.26","","89.10","5.37","43.26","10.85","20.53","46.57","88522"
"India","Karnataka","Chitradurga","","Financial Year (Apr - Mar), 2020","None","47.62","17.81","0.17","None","None","36.21","10.87","33.53","57.56","118585"
"India","Karnataka","Mysuru","Hunsur","Financial Year (Apr - Mar), 2020","7.16","31.83","3.74","1.92","None","11.47","50.17","10.28","25.45","63.43","142615"
"India","Karnataka","Yadgir","Hunasagi","Financial Year (Apr - Mar), 2020","8.42","52.94","59.88","0.27","91.97","20.38","52.93","14.57","50.13","51.19","103933"
"India","Karnataka","Shivamogga","Shikarpur","Financial Year (Apr - Mar), 2020","3.47","58.17","27.99","0.25","NaN","8.82","43.06","8.73","25.63","46.43","184300"
"India","Karnataka","Hassan","Belur","Financial Year (Apr - Mar), 2020","12.60","55.74","15.11","0.52","66.04","10.71","39.74","8.22","22.31","57.81","128504"
"India","Karnataka","Mysuru","Krishnarajanagara","Financial Year (Apr - Mar), 2020","7.16","43.31","8.50","","None","12.07","54.51","8.60","37.88","65.47","305652"
"India","Karnataka","Dakshina Kannada","Sulya","Financial Year (Apr - Mar), 2020","6.76","3.91","15.34","0.04","76.44","8.62","28.73","2.86","21.48","46.29","260635"
"India","Karnataka","Chikkaballapura","Gudibanda","Financial Year (Apr - Mar), 2020","0.98","30.79","","0.02","45.54","2.42","44.85","13.08","14.49","33.87","88796"
"India","Karnataka","Koppal","Kukunoor","Financial Year (Apr - Mar), 2020","46.39","62.44","53.94","0.86","97.51","37.55","46.63","12.85","47.36","77.07","104288"
"India","Karnataka","Shivamogga","Hosanagara","Financial Year (Apr - Mar), 2020","1.73","63.58","35.09","","NaN","7.11","36.69","8.83","29.59","53.53","199376"
"India","Karnataka","Hassan","Hole Narsipur","Financial Year (Apr - Mar), 2020","1.18","40.47","16.96","0.47","66.60","22.97","44.24","8.74","28.06","46.37","163557"
"India","Karnataka","Bagalkote","Mudhol","Financial Year (Apr - Mar), 2020","21.67","47.34","41.72","0.98","None","None","46.53","10.35","48.20","64.02","188586"
"India","Karnataka","Mysuru","Heggadadevankote","Financial Year (Apr - Mar), 2020","7.16","41.16","6.12","1.93","NaN","21.04","46.26","9.16","37.60","55.07","110973"
"India","Karnataka","Belagavi","","Financial Year (Apr - Mar), 2020","39.90","46.30","45.28","","95.06","18.52","49.00","8.51","35.97","50.90","116368"
"India","Karnataka","Gadag","Ron","Financial Year (Apr - Mar), 2020","60.15","64.60","","","95.52","36.42","56.55","7.10","60.73","43.89","154969"
"India","Karnataka","Bagalkote","","Financial Year (Apr - Mar), 2020","6.87","54.59","48.91","0.77","81.61","NaN","47.43","11.09","48.80","64.93","198467"
"India","Karnataka","Chikkamagaluru","Tarikere","Financial Year (Apr - Mar), 2020","13.17","48.67","15.99","1.30","67.87","10.30","31.51","8.38","23.40","50.72","307349"
"India","Karnataka","Koppal","Kukunoor","Financial Year (Apr - Mar), 2020","46.39","62.44","53.94","0.86","97.51","37.55","46.63","12.85","47.36","77.07","104288"
"India","Karnataka","Chikkamagaluru","Mudigere","Financial Year (Apr - Mar), 2020","3.66","28.79","51.38","0.91","None","4.86","30.75","5.06","34.24","41.52","156692"
"India","Karnataka","Chikkamagaluru","Chikkamagaluru","Financial Year (Apr - Mar), 2020","11.96","39.13","24.73","0.16","84.83","8.32","35.91","3.77","17.16","69.95","270459"
"India","Karnataka","Ballari","","Financial Year (Apr - Mar), 2020","15.72","44.40","20.26","1.99","81.11","28.96","54.92","9.64","42.38","73.80","127623"
"India","Karnataka","Dakshina Kannada","","Financial Year (Apr - Mar), 2020","1.05","","25.55","0.01","69.29","6.46","34.90","2.82","30.41","69.89","318604"
"India","Karnataka","Gadag","","Financial Year (Apr - Mar), 2020","40.07","57.37","52.76","","77.50","11.94","50.39","5.66","43.18","50.21","147517"
"India","Karnataka","Shivamogga","Bhadravati","Financial Year (Apr - Mar), 2020","3.69","47.33","8.93","0.18","64.61","11.42","37.55","4.08","29.08","50.04","203491"
"India","Karnataka","Vijayapura","Muddebihal","Financial Year (Apr - Mar), 2020","NaN","59.29","60.34","5.11","85.99","30.25","48.16","15.65","50.51","57.17","157615"
"India","Karnataka","Shivamogga","Hosanagara","Financial Year (Apr - Mar), 2020","1.73","63.58","35.09","","NaN","7.11","36.69","8.83","29.59","53.53","199376"
"India","Karnataka","Vijayapura","Babaleshwar","Financial Year (Apr - Mar), 2020","None","44.23","48.06","","83.77","19.48","47.50","8.78","45.65","57.51","217333"
"India","Karnataka","Bengaluru Urban","Bengaluru South","Financial Year (Apr - Mar), 2020","10.90","12.85","1.31","0.65","78.86","6.11","32.92","2.44","22.12","63.02","936983"
"India","Karnataka","Belagavi","Hukeri","Financial Year (Apr - Mar), 2020","5.97","26.37","17.55","0.19","78.86","25.34","49.51","7.47","31.31","48.79","106382"
"India","Karnataka","Uttara Kannada","","Financial Year (Apr - Mar), 2020","80.92","56.49","72.21","2.58","94.53","10.59","43.61","12.84","42.26","60.25","152651"
"India","Karnataka","Chamarajanagara","","Financial Year (Apr - Mar), 2020","57.09","36.67","11.00","1.35","83.74","5.75","43.70","13.26","30.38","61.06","1392252"
"India","Karnataka","Hassan","Belur","Financial Year (Apr - Mar), 2020","12.60","55.74","15.11","0.52","66.04","10.71","39.74","8.22","22.31","57.81","128504"
"India","Karnataka","Kolar","Bangarapet","Financial Year (Apr - Mar), 2020","None","27.60","9.51","0.14","88.51","11.41","40.36","4.98","21.94","60.45","116162"
"India","Karnataka","Chikkaballapura","Sidlaghatta","Financial Year (Apr - Mar), 2020","0.33","44.80","12.32","0.00","74.53","2.13","42.08","10.82","12.58","69.23","104407"
"India","Karnataka","Udupi","","Financial Year (Apr - Mar), 2020","33.92","22.13","33.75","0.04","NaN","31.16","46.32","3.81","21.13","48.53","226468"
"India","Karnataka","Tumakuru","Madhugiri","Financial Year (Apr - Mar), 2020","16.13","","","0.43","86.47","6.62","44.50","7.54","35.58","55.50","141840"
"India","Karnataka","Shivamogga","Sorab","Financial Year (Apr - Mar), 2020","3.47","61.71","42.21","1.91","77.72","None","42.70","11.66","35.18","55.75","176634"
"India","Karnataka","Bidar","Kamalnagar","Financial Year (Apr - Mar), 2020","None","62.94","40.67","","None","26.62","58.69","5.14","35.87","65.96","97948"
"India","Karnataka","Hassan","Hassan","Financial Year (Apr - Mar), 2020","6.23","42.68","16.18","0.16","69.13","8.28","42.75","8.73","14.58","49.40","200009"
"India","Karnataka","Dharwad","Navalgund","Financial Year (Apr - Mar), 2020","47.43","47.43","36.53","0.55","91.89","8.38","51.37","5.47","50.14","54.71","188091"
"India","Karnataka","Mysuru","Mysuru","Financial Year (Apr - Mar), 2020","28.62","31.20","3.53","2.21","76.98","7.52","43.68","6.71","39.00","44.64","179865"
"India","Karnataka","Kalaburagi","Aland","Financial Year (Apr - Mar), 2020","10.47","58.68","59.49","0.72","96.42","27.93","61.20","11.97","47.98","38.16","103589"
"India","Karnataka","Udupi","Karkal","Financial Year (Apr - Mar), 2020","17.41","22.55","34.01","1.83","61.68","17.99","48.72","1.30","19.33","77.03","326545"
"India","Karnataka","Dharwad","Annigeri","Financial Year (Apr - Mar), 2020","39.50","55.37","","0.68","94.00","6.96","53.39","6.98","54.86","57.05","180965"
"India","Karnataka","Yadgir","Gurumitkal","Financial Year (Apr - Mar), 2020","48.33","","","","93.90","25.64","51.60","24.42","58.50","42.63","112424"
"India","Karnataka","Dakshina Kannada","Beltangadi","Financial Year (Apr - Mar), 2020","6.67","24.44","47.04","0.02","58.36","10.41","34.39","1.84","25.87","58.52","330823"
"India","Karnataka","Raichur","Sindhnur","Financial Year (Apr - Mar), 2020","41.98","49.98","25.17","1.24","78.52","14.65","55.73","13.86","30.19","53.73","133127"
"India","Karnataka","Yadgir","Shahpur","Financial Year (Apr - Mar), 2020","16.12","38.98","62.52","0.39","93.13","15.33","51.18","18.48","46.04","63.54","112182"
"India","Karnataka","Udupi","Karkal","Financial Year (Apr - Mar), 2020","17.41","22.55","34.01","1.83","61.68","NaN","48.72","1.30","19.33","77.03","326545"
"India","Karnataka","Kalaburagi","Chincholi","Financial Year (Apr - Mar), 2020","7.39","60.88","","1.39","89.37","20.00","50.19","7.65","39.59","52.43","82440"
"India","Karnataka","Dakshina Kannada","Moodubidire","Financial Year (Apr - Mar), 2020","7.79","20.41","8.77","0.05","71.91","8.95","43.14","0.16","18.60","40.23","788705"
"India","Karnataka","Ramanagara","Kanakapura","Financial Year (Apr - Mar), 2020","5.00","25.61","4.50","0.30","73.53","3.21","48.60","11.23","20.09","54.23","171245"
"India","Karnataka","Kolar","","Financial Year (Apr - Mar), 2020","4.66","30.48","","0.10","77.23","NaN","41.37","6.34","25.20","47.81","105742"
"India","Karnataka","Chamarajanagara","Yelandur","Financial Year (Apr - Mar), 2020","18.63","31.05","6.96","","92.66","None","40.15","9.90","26.88","64.06","166500"
"India","Karnataka","Kolar","","Financial Year (Apr - Mar), 2020","4.66","30.48","","0.10","77.23","4.28","41.37","6.34","25.20","47.81","105742"
"India","Karnataka","Vijayapura","Vijayapura","Financial Year (Apr - Mar), 2020","11.21","36.42","","2.08","82.39","18.75","50.94","7.95","51.18","57.78","71993"
"India","Karnataka","Chikkaballapura","","Financial Year (Apr - Mar), 2020","42.52","33.96","7.41","0.00","87.30","3.59","46.34","10.09","28.17","63.98","153364"
"India","Karnataka","Bidar","Hulsoor","Financial Year (Apr - Mar), 2020","46.90","36.75","","3.69","77.49","14.24","63.13","9.02","55.15","66.89","211174"
"India","Karnataka","Tumakuru","","Financial Year (Apr - Mar), 2020","23.12","26.92","27.48","0.31","80.37","5.97","53.03","6.28","28.52","60.80","189192"
"India","Karnataka","Mysuru","Saraguru","Financial Year (Apr - Mar), 2020","7.16","40.60","6.50","0.82","70.81","14.75","47.46","9.89","34.23","70.23","108241"
"India","Karnataka","Shivamogga","Hosanagara","Financial Year (Apr - Mar), 2020","1.73","63.58","35.09","","78.21","7.11","36.69","8.83","29.59","53.53","199376"
"India","Karnataka","Bengaluru Urban","Bengaluru South","Financial Year (Apr - Mar), 2020","10.90","12.85","1.31","0.65","78.86","6.11","32.92","2.44","22.12","63.02","936983"
"India","Karnataka","Bengaluru Rural","Dodda Ballapur","Financial Year (Apr - Mar), 2020","None","20.69","9.05","1.45","75.55","0.68","52.08","4.97","36.93","29.12","187189"
"India","Karnataka","Raichur","","Financial Year (Apr - Mar), 2020","17.74","52.00","38.42","0.27","83.55","None","56.40","15.62","33.69","54.32","114306"
"India","Karnataka","Kalaburagi","Chittapur","Financial Year (Apr - Mar), 2020","22.35","46.40","48.41","1.64","NaN","21.41","51.97","13.41","69.21","55.18","102692"
"India","Karnataka","Bagalkote","Guledgudda","Financial Year (Apr - Mar), 2020","10.70","57.19","50.56","1.19","83.87","26.20","51.55","4.84","55.57","78.32","192735"
"India","Karnataka","Gadag","Ron","Financial Year (Apr - Mar), 2020","60.15","64.60","","","95.52","36.42","56.55","7.10","60.73","43.89","154969"
"India","Karnataka","Dharwad","","Financial Year (Apr - Mar), 2020","11.87","67.59","47.79","0.72","76.16","12.94","59.96","4.60","60.47","51.17","155465"
"India","Karnataka","Chikkaballapura","","Financial Year (Apr - Mar), 2020","42.52","33.96","7.41","0.00","87.30","3.59","46.34","10.09","28.17","63.98","153364"
"India","Karnataka","Koppal","","Financial Year (Apr - Mar), 2020","55.65","55.91","73.27","0.36","97.42","35.14","48.18","15.16","36.30","74.60","99589"
"India","Karnataka","Bidar","Kamalnagar","Financial Year (Apr - Mar), 2020","17.19","62.94","40.67","","81.18","NaN","58.69","5.14","35.87","65.96","97948"
"India","Karnataka","Ballari","Siruguppa","Financial Year (Apr - Mar), 2020","36.60","55.60","","0.95","92.37","24.95","56.59","17.13","45.44","71.43","165734"
"India","Karnataka","Bengaluru Rural","Hosakote","Financial Year (Apr - Mar), 2020","3.42","19.71","4.53","","68.28","8.73","42.92","3.19","35.44","54.20","189454"
"India","Karnataka","Uttara Kannada","Ankola","Financial Year (Apr - Mar), 2020","7.55","21.57","44.65","2.03","71.95","NaN","48.15","8.22","30.65","53.05","136579"
"India","Karnataka","Kolar","Bangarapet","Financial Year (Apr - Mar), 2020","None","27.60","9.51","0.14","88.51","11.41","40.36","4.98","21.94","60.45","116162"
"India","Karnataka","Haveri","Shiggaon","Financial Year (Apr - Mar), 2020","34.58","60.83","46.87","1.23","75.50","29.07","52.41","7.25","44.15","50.88","110381"
"India","Karnataka","Hassan","Hassan","Financial Year (Apr - Mar), 2020","6.23","42.68","16.18","0.16","69.13","None","42.75","8.73","14.58","49.40","200009"
"India","Karnataka","Bagalkote","Ilkal","Financial Year (Apr - Mar), 2020","0.26","33.18","60.39","0.11","95.99","7.46","48.72","8.20","54.71","35.20","147784"
"India","Karnataka","Shivamogga","Sorab","Financial Year (Apr - Mar), 2020","3.47","61.71","42.21","1.91","77.72","12.14","42.70","11.66","35.18","55.75","176634"
"India","Karnataka","Kolar","Srinivaspur","Financial Year (Apr - Mar), 2020","None","26.42","","0.12","87.20","3.85","45.40","6.02","21.21","47.43","134522"
"India","Karnataka","Bagalkote","Mudhol","Financial Year (Apr - Mar), 2020","21.67","47.34","41.72","0.98","63.22","13.45","46.53","10.35","48.20","64.02","188586"
"India","Karnataka","Vijayapura","Devara Hipparagi","Financial Year (Apr - Mar), 2020","23.24","38.64","","0.78","91.43","23.10","50.04","8.54","49.12","59.18","135545"
"India","Karnataka","Chitradurga","","Financial Year (Apr - Mar), 2020","26.07","45.58","20.86","0.25","67.06","27.42","37.59","9.13","35.81","49.79","156114"
"India","Karnataka","Kodagu","Madikeri","Financial Year (Apr - Mar), 2020","None","36.94","19.47","1.83","NaN","15.49","42.51","3.75","31.83","67.19","214576"
"India","Karnataka","Kalaburagi","","Financial Year (Apr - Mar), 2020","22.93","63.89","56.70","0.89","85.70","NaN","58.41","7.91","39.67","49.90","158977"
"India","Karnataka","Hassan","Channarayapatna","Financial Year (Apr - Mar), 2020","1.08","43.40","18.32","0.35","74.18","6.98","54.88","8.05","23.73","40.62","184861"
"India","Karnataka","Uttara Kannada","Ankola","Financial Year (Apr - Mar), 2020","7.55","21.57","44.65","2.03","NaN","22.45","48.15","8.22","30.65","53.05","136579"
"India","Karnataka","Dakshina Kannada","","Financial Year (Apr - Mar), 2020","6.30","","39.52","0.00","62.72","13.93","32.35","2.07","25.78","39.58","414937"
"India","Karnataka","Mandya","","Financial Year (Apr - Mar), 2020","NaN","23.27","8.17","1.50","87.18","12.07","42.01","8.74","18.27","58.10","237734"
"India","Karnataka","Udupi","Udupi","Financial Year (Apr - Mar), 2020","2.31","26.19","37.01","0.11","75.25","15.13","42.83","3.83","22.24","57.27","327115"
"India","Karnataka","Kalaburagi","","Financial Year (Apr - Mar), 2020","NaN","63.89","56.70","0.89","85.70","30.17","58.41","7.91","39.67","49.90","158977"
"India","Karnataka","Kalaburagi","Shahabad","Financial Year (Apr - Mar), 2020","9.64","44.07","44.42","3.27","93.17","9.62","60.52","18.41","87.60","62.57","69997"
"India","Karnataka","Dharwad","Alnavar","Financial Year (Apr - Mar), 2020","39.51","57.49","28.95","0.83","88.33","15.18","58.50","6.70","48.60","59.38","173311"
"India","Karnataka","Shivamogga","Shikarpur","Financial Year (Apr - Mar), 2020","3.47","58.17","27.99","0.25","78.06","8.82","43.06","8.73","25.63","46.43","184300"
"India","Karnataka","Mandya","","Financial Year (Apr - Mar), 2020","7.16","36.55","8.44","0.57","82.82","4.81","43.63","10.17","12.77","53.40","71001"
"India","Karnataka","Haveri","Ranibennur","Financial Year (Apr - Mar), 2020","NaN","50.79","48.00","0.07","None","12.31","49.77","6.63","28.33","47.37","122145"
"India","Karnataka","Davangere","Honnali","Financial Year (Apr - Mar), 2020","47.03","48.62","22.23","","81.91","18.31","43.92","3.63","41.94","54.50","143441"
"India","Karnataka","Belagavi","Ramdurg","Financial Year (Apr - Mar), 2020","5.68","57.21","","3.32","90.21","18.01","48.99","10.83","34.88","54.84","146646"
"India","Karnataka","Udupi","Kundapura","Financial Year (Apr - Mar), 2020","14.27","19.84","30.87","0.23","NaN","24.73","42.75","5.21","25.91","46.87","243563"
"India","Karnataka","Vijayapura","Talikoti","Financial Year (Apr - Mar), 2020","18.12","55.33","53.60","","87.98","29.81","51.01","16.39","44.64","56.43","81016"
"India","Karnataka","Uttara Kannada","Kumta","Financial Year (Apr - Mar), 2020","79.95","21.06","40.52","1.43","53.26","28.90","44.39","5.64","25.05","34.63","182938"
"India","Karnataka","Chitradurga","Holalkere","Financial Year (Apr - Mar), 2020","10.32","45.98","21.35","0.02","64.92","18.16","34.61","8.64","37.30","52.36","116701"
"India","Karnataka","Raichur","Raichur","Financial Year (Apr - Mar), 2020","18.91","56.66","48.91","0.07","79.70","NaN","60.77","17.94","45.63","60.50","116146"
"India","Karnataka","Bidar","Kamalnagar","Financial Year (Apr - Mar), 2020","17.19","62.94","40.67","","81.18","26.62","58.69","5.14","35.87","65.96","97948"
"India","Karnataka","Chitradurga","","Financial Year (Apr - Mar), 2020","14.00","42.20","21.30","0.27","52.76","18.79","31.73","7.47","26.38","31.52","127469"
"India","Karnataka","Chikkaballapura","Sidlaghatta","Financial Year (Apr - Mar), 2020","0.33","44.80","12.32","0.00","74.53","2.13","42.08","10.82","12.58","69.23","104407"
"India","Karnataka","Kolar","Kolar","Financial Year (Apr - Mar), 2020","0.89","33.69","14.03","0.18","67.82","1.08","34.70","4.30","21.63","36.70","132383"
"India","Karnataka","Raichur","","Financial Year (Apr - Mar), 2020","39.75","","41.42","1.02","77.90","11.96","60.14","16.48","40.81","64.84","145930"
"India","Karnataka","Mandya","","Financial Year (Apr - Mar), 2020","7.16","36.55","8.44","0.57","82.82","4.81","43.63","10.17","12.77","53.40","71001"
"India","Karnataka","Ballari","Kurugodu","Financial Year (Apr - Mar), 2020","None","35.59","","","92.20","28.61","52.68","11.05","43.63","88.70","255974"
"India","Karnataka","Haveri","Hangal","Financial Year (Apr - Mar), 2020","NaN","41.16","46.26","0.20","84.30","NaN","50.69","5.30","44.58","62.24","102786"
"India","Karnataka","Chamarajanagara","Gundlupet","Financial Year (Apr - Mar), 2020","13.40","50.18","8.52","1.59","75.95","8.99","41.08","16.71","30.10","54.45","95368"
"India","Karnataka","Gadag","Laxmeshwar","Financial Year (Apr - Mar), 2020","19.52","61.00","37.50","","86.29","22.07","43.08","8.16","51.66","63.24","89827"
"India","Karnataka","Bidar","Hulsoor","Financial Year (Apr - Mar), 2020","46.90","36.75","","3.69","77.49","14.24","63.13","9.02","55.15","66.89","211174"
"India","Karnataka","Mandya","","Financial Year (Apr - Mar), 2020","7.16","23.27","8.17","1.50","87.18","NaN","42.01","8.74","18.27","58.10","237734"
"India","Karnataka","Tumakuru","","Financial Year (Apr - Mar), 2020","23.12","26.92","27.48","0.31","NaN","5.97","53.03","6.28","28.52","60.80","189192"
"India","Karnataka","Udupi","Karkal","Financial Year (Apr - Mar), 2020","17.41","22.55","34.01","1.83","None","NaN","48.72","1.30","19.33","77.03","326545"
"India","Karnataka","Kodagu","Somvarpet","Financial Year (Apr - Mar), 2020","42.58","38.79","23.50","","78.28","11.41","40.14","3.72","27.06","54.99","152843"
"India","Karnataka","Bengaluru Rural","Nelamangala","Financial Year (Apr - Mar), 2020","48.42","15.79","4.89","","80.86","0.56","33.84","5.47","29.37","43.15","287228"
"India","Karnataka","Ballari","Kotturu","Financial Year (Apr - Mar), 2020","6.91","52.45","42.27","2.88","92.18","12.76","50.62","14.74","43.18","76.93","121607"
"India","Karnataka","Belagavi","Savadatti","Financial Year (Apr - Mar), 2020","8.36","48.57","43.23","3.67","92.62","19.06","47.42","10.69","32.87","51.36","107876"
"India","Karnataka","Belagavi","","Financial Year (Apr - Mar), 2020","9.78","28.01","14.21","0.50","69.21","19.94","47.80","3.94","29.38","47.64","132353"
"India","Karnataka","Raichur","Sindhnur","Financial Year (Apr - Mar), 2020","41.98","49.98","25.17","1.24","None","14.65","55.73","13.86","30.19","53.73","133127"
"India","Karnataka","Dharwad","Alnavar","Financial Year (Apr - Mar), 2020","39.51","57.49","28.95","0.83","88.33","NaN","58.50","6.70","48.60","59.38","173311"
"India","Karnataka","Ballari","Siruguppa","Financial Year (Apr - Mar), 2020","36.60","55.60","","0.95","92.37","24.95","56.59","17.13","45.44","71.43","165734"
"India","Karnataka","Mandya","","Financial Year (Apr - Mar), 2020","7.16","36.55","8.44","0.57","82.82","4.81","43.63","10.17","12.77","53.40","71001"
"India","Karnataka","Mysuru","Krishnarajanagara","Financial Year (Apr - Mar), 2020","7.16","43.31","8.50","","68.48","12.07","54.51","8.60","37.88","65.47","305652"
"India","Karnataka","Davangere","Honnali","Financial Year (Apr - Mar), 2020","NaN","48.62","22.23","","81.91","18.31","43.92","3.63","41.94","54.50","143441"
"India","Karnataka","Bidar","Hulsoor","Financial Year (Apr - Mar), 2020","46.90","36.75","","3.69","77.49","14.24","63.13","9.02","55.15","66.89","211174"
"India","Karnataka","Ballari","Sandur","Financial Year (Apr - Mar), 2020","None","57.10","45.96","1.30","85.44","22.04","51.85","13.66","35.11","73.22","198231"
"India","Karnataka","Belagavi","Raybag","Financial Year (Apr - Mar), 2020","4.77","40.08","","0.58","84.28","24.60","48.30","6.26","35.87","45.73","105929"
"India","Karnataka","Dakshina Kannada","","Financial Year (Apr - Mar), 2020","6.30","","39.52","0.00","62.72","NaN","32.35","2.07","25.78","39.58","414937"
"India","Karnataka","Bengaluru Urban","Anekal","Financial Year (Apr - Mar), 2020","13.14","14.27","1.41","0.27","91.66","4.56","34.10","1.70","17.66","58.55","310132"
"India","Karnataka","Tumakuru","Tiptur","Financial Year (Apr - Mar), 2020","57.98","","","0.25","82.70","18.18","46.63","7.15","23.50","46.85","195851"
"India","Karnataka","Raichur","","Financial Year (Apr - Mar), 2020","NaN","42.64","48.92","","77.74","12.21","55.00","13.46","47.81","71.35","1113286"
"India","Karnataka","Mysuru","Tirumakudal - Narsipur","Financial Year (Apr - Mar), 2020","3.58","30.93","5.82","0.83","44.24","14.93","53.07","5.74","28.04","65.32","108778"
"India","Karnataka","Bidar","Chitaguppa","Financial Year (Apr - Mar), 2020","19.01","44.38","31.72","1.49","NaN","22.02","54.08","11.21","47.24","64.46","105611"
"India","Karnataka","Belagavi","Gokak","Financial Year (Apr - Mar), 2020","2.15","39.60","27.36","0.42","81.78","25.71","49.90","7.04","35.12","47.75","106964"
"India","Karnataka","Chikkaballapura","","Financial Year (Apr - Mar), 2020","13.88","33.44","","0.01","94.53","13.42","47.61","13.79","21.85","65.65","92137"
"India","Karnataka","Chikkamagaluru","Mudigere","Financial Year (Apr - Mar), 2020","3.66","28.79","51.38","0.91","80.89","4.86","30.75","5.06","34.24","41.52","156692"
"India","Karnataka","Uttara Kannada","Haliyal","Financial Year (Apr - Mar), 2020","37.21","54.01","61.34","4.28","81.81","15.75","44.69","9.62","35.51","47.45","145489"
"India","Karnataka","Belagavi","Raybag","Financial Year (Apr - Mar), 2020","4.77","40.08","","0.58","84.28","24.60","48.30","6.26","35.87","45.73","105929"
"India","Karnataka","Mysuru","Mysuru","Financial Year (Apr - Mar), 2020","28.62","31.20","3.53","2.21","76.98","7.52","43.68","6.71","39.00","44.64","179865"
"India","Karnataka","Kolar","","Financial Year (Apr - Mar), 2020","4.66","30.48","","0.10","None","4.28","41.37","6.34","25.20","47.81","105742"
"India","Karnataka","Davangere","Channagiri","Financial Year (Apr - Mar), 2020","79.36","40.49","21.99","1.41","90.34","NaN","43.66","5.35","30.36","48.64","136427"
"India","Karnataka","Chitradurga","","Financial Year (Apr - Mar), 2020","26.07","45.58","20.86","0.25","67.06","27.42","37.59","9.13","35.81","49.79","156114"
"India","Karnataka","Belagavi","Ramdurg","Financial Year (Apr - Mar), 2020","5.68","57.21","","3.32","90.21","18.01","48.99","10.83","34.88","54.84","146646"
"India","Karnataka","Bengaluru Urban","Bengaluru South","Financial Year (Apr - Mar), 2020","10.90","12.85","1.31","0.65","78.86","6.11","32.92","2.44","22.12","63.02","936983"
"India","Karnataka","Belagavi","Gokak","Financial Year (Apr - Mar), 2020","2.15","39.60","27.36","0.42","81.78","NaN","49.90","7.04","35.12","47.75","106964"
"India","Karnataka","Tumakuru","","Financial Year (Apr - Mar), 2020","23.12","26.92","27.48","0.31","None","5.97","53.03","6.28","28.52","60.80","189192"
"India","Karnataka","Mandya","","Financial Year (Apr - Mar), 2020","7.16","36.55","8.44","0.57","82.82","4.81","43.63","10.17","12.77","53.40","71001"
"India","Karnataka","Tumakuru","","Financial Year (Apr - Mar), 2020","NaN","27.49","27.59","0.43","70.41","9.41","43.63","7.59","28.69","57.49","162413"
"India","Karnataka","Vijayapura","Vijayapura","Financial Year (Apr - Mar), 2020","11.21","36.42","","2.08","82.39","18.75","50.94","7.95","51.18","57.78","71993"
"India","Karnataka","Tumakuru","Chiknayakanhalli","Financial Year (Apr - Mar), 2020","None","29.80","17.88","0.13","79.42","8.11","47.60","6.91","20.29","63.82","203923"
"India","Karnataka","Tumakuru","Sira","Financial Year (Apr - Mar), 2020","NaN","36.17","17.59","0.71","None","7.56","42.99","8.55","35.73","40.02","205762"
"India","Karnataka","Tumakuru","Chiknayakanhalli","Financial Year (Apr - Mar), 2020","11.00","29.80","17.88","0.13","79.42","None","47.60","6.91","20.29","63.82","203923"
"India","Karnataka","Kolar","Bangarapet","Financial Year (Apr - Mar), 2020","1.56","27.60","9.51","0.14","88.51","11.41","40.36","4.98","21.94","60.45","116162"
"India","Karnataka","Dakshina Kannada","","Financial Year (Apr - Mar), 2020","1.05","","25.55","0.01","69.29","6.46","34.90","2.82","30.41","69.89","318604"
"India","Karnataka","Belagavi","Raybag","Financial Year (Apr - Mar), 2020","4.77","40.08","","0.58","84.28","24.60","48.30","6.26","35.87","45.73","105929"
"India","Karnataka","Mandya","Mandya","Financial Year (Apr - Mar), 2020","29.50","21.88","8.32","1.43","89.84","7.55","37.33","9.10","21.73","46.25","129791"
"India","Karnataka","Kodagu","Somvarpet","Financial Year (Apr - Mar), 2020","42.58","38.79","23.50","","78.28","None","40.14","3.72","27.06","54.99","152843"
"India","Karnataka","Bidar","Homnabad","Financial Year (Apr - Mar), 2020","21.75","42.64","39.11","2.19","93.45","None","57.87","8.62","34.56","69.39","102381"
"India","Karnataka","Haveri","Rattihalli","Financial Year (Apr - Mar), 2020","14.57","59.78","46.48","","87.25","19.45","40.32","8.44","27.68","47.21","114302"
"India","Karnataka","Kodagu","Somvarpet","Financial Year (Apr - Mar), 2020","42.58","38.79","23.50","","78.28","11.41","40.14","3.72","27.06","54.99","152843"
"India","Karnataka","Vijayapura","Devara Hipparagi","Financial Year (Apr - Mar), 2020","23.24","38.64","","0.78","91.43","23.10","50.04","8.54","49.12","59.18","135545"
"India","Karnataka","Bengaluru Rural","Dodda Ballapur","Financial Year (Apr - Mar), 2020","15.68","20.69","9.05","1.45","75.55","0.68","52.08","4.97","36.93","29.12","187189"
"India","Karnataka","Ballari","Kampli","Financial Year (Apr - Mar), 2020","38.44","47.24","","1.45","90.39","33.64","60.60","13.43","43.81","62.88","147220"
"India","Karnataka","Kolar","Mulbagal","Financial Year (Apr - Mar), 2020","36.72","38.28","13.97","","NaN","4.65","42.17","6.69","16.38","43.90","155743"
"India","Karnataka","Haveri","","Financial Year (Apr - Mar), 2020","16.84","46.73","41.74","0.35","83.70","32.12","51.52","5.27","50.43","60.77","124963"
"India","Karnataka","Vijayapura","Talikoti","Financial Year (Apr - Mar), 2020","NaN","55.33","53.60","","NaN","29.81","51.01","16.39","44.64","56.43","81016"
"India","Karnataka","Koppal","Kanakagiri","Financial Year (Apr - Mar), 2020","67.04","","58.13","0.63","97.32","NaN","48.97","15.59","42.31","77.19","191509"
"India","Karnataka","Ramanagara","Kanakapura","Financial Year (Apr - Mar), 2020","5.00","25.61","4.50","0.30","73.53","3.21","48.60","11.23","20.09","54.23","171245"
"India","Karnataka","Chitradurga","Hiriyur","Financial Year (Apr - Mar), 2020","8.39","","24.06","0.09","73.98","14.37","36.30","7.70","47.35","55.55","127522"
"India","Karnataka","Uttara Kannada","Bhatkal","Financial Year (Apr - Mar), 2020","0.25","14.07","25.62","0.99","92.11","21.72","47.94","5.84","20.54","62.36","155537"
"India","Karnataka","Bengaluru Urban","Yelahanka","Financial Year (Apr - Mar), 2020","45.16","7.45","1.24","0.00","None","3.10","44.67","5.06","37.41","65.03","398780"
"India","Karnataka","Bagalkote","Badami","Financial Year (Apr - Mar), 2020","14.07","56.81","53.65","0.86","None","17.22","44.51","8.47","60.60","60.20","164133"
"India","Karnataka","Dharwad","","Financial Year (Apr - Mar), 2020","11.87","67.59","47.79","0.72","76.16","12.94","59.96","4.60","60.47","51.17","155465"
"India","Karnataka","Belagavi","Raybag","Financial Year (Apr - Mar), 2020","4.77","40.08","","0.58","84.28","24.60","48.30","6.26","35.87","45.73","105929"
"India","Karnataka","Bagalkote","Ilkal","Financial Year (Apr - Mar), 2020","0.26","33.18","60.39","0.11","95.99","7.46","48.72","8.20","54.71","35.20","147784"
"India","Karnataka","Ramanagara","Magadi","Financial Year (Apr - Mar), 2020","79.80","41.48","4.97","0.19","84.77","2.76","36.26","9.57","11.60","60.65","178569"
"India","Karnataka","Haveri","Savanur","Financial Year (Apr - Mar), 2020","12.22","44.48","46.07","0.50","86.04","35.13","50.76","7.50","45.48","71.86","103440"
"India","Karnataka","Haveri","Ranibennur","Financial Year (Apr - Mar), 2020","7.46","50.79","48.00","0.07","None","12.31","49.77","6.63","28.33","47.37","122145"
"India","Karnataka","Chikkamagaluru","Chikkamagaluru","Financial Year (Apr - Mar), 2020","11.96","39.13","24.73","0.16","84.83","8.32","35.91","3.77","17.16","69.95","270459"
"India","Karnataka","Davangere","Nyamathi","Financial Year (Apr - Mar), 2020","2.43","55.66","20.95","","None","8.14","44.36","3.27","55.60","47.59","111450"
"India","Karnataka","Gadag","","Financial Year (Apr - Mar), 2020","40.07","57.37","52.76","","77.50","11.94","50.39","5.66","43.18","50.21","147517"
"India","Karnataka","Dakshina Kannada","","Financial Year (Apr - Mar), 2020","1.05","","25.55","0.01","69.29","6.46","34.90","2.82","30.41","69.89","318604"
"India","Karnataka","Davangere","Davanagere","Financial Year (Apr - Mar), 2020","17.24","61.47","27.19","","85.02","13.96","46.53","3.18","32.60","60.02","174161"
"India","Karnataka","Davangere","Harihar","Financial Year (Apr - Mar), 2020","22.10","37.59","","0.14","92.29","35.16","41.34","3.06","27.36","58.40","112330"
"India","Karnataka","Bagalkote","Badami","Financial Year (Apr - Mar), 2020","14.07","56.81","53.65","0.86","None","17.22","44.51","8.47","60.60","60.20","164133"
"India","Karnataka","Vijayapura","Basavana Bagevadi","Financial Year (Apr - Mar), 2020","NaN","51.18","","","85.21","30.53","46.66","16.67","45.37","59.33","114151"
"India","Karnataka","Belagavi","","Financial Year (Apr - Mar), 2020","NaN","43.41","40.68","1.63","94.07","14.26","47.75","7.50","34.88","53.85","133467"
"India","Karnataka","Uttara Kannada","Ankola","Financial Year (Apr - Mar), 2020","7.55","21.57","44.65","2.03","NaN","22.45","48.15","8.22","30.65","53.05","136579"
"India","Karnataka","Vijayapura","Tikota","Financial Year (Apr - Mar), 2020","18.12","34.80","40.57","1.98","NaN","20.75","44.89","9.91","52.42","58.22","171902"
"India","Karnataka","Kolar","Malur","Financial Year (Apr - Mar), 2020","3.94","38.81","5.79","0.59","67.02","5.79","42.06","5.66","18.91","48.91","210291"
"India","Karnataka","Mysuru","Tirumakudal - Narsipur","Financial Year (Apr - Mar), 2020","3.58","30.93","5.82","0.83","44.24","14.93","53.07","5.74","28.04","65.32","108778"
"India","Karnataka","Mandya","Pandavapura","Financial Year (Apr - Mar), 2020","7.16","27.19","7.27","","95.37","NaN","39.11","8.46","30.99","51.99","390901"
"India","Karnataka","Koppal","Koppal","Financial Year (Apr - Mar), 2020","29.94","","","0.53","92.92","25.75","52.15","10.52","49.01","62.64","117765"
"India","Karnataka","Belagavi","Kagwad","Financial Year (Apr - Mar), 2020","11.94","34.02","24.78","0.28","72.66","23.66","45.81","4.46","35.76","48.45","108891"
"India","Karnataka","Mandya","Nagamangala","Financial Year (Apr - Mar), 2020","7.16","34.92","15.08","1.11","NaN","5.13","38.86","11.11","14.94","53.13","243150"
"India","Karnataka","Bidar","Hulsoor","Financial Year (Apr - Mar), 2020","46.90","36.75","","3.69","77.49","14.24","63.13","9.02","55.15","66.89","211174"
"India","Karnataka","Chikkaballapura","Gudibanda","Financial Year (Apr - Mar), 2020","0.98","30.79","","0.02","45.54","2.42","44.85","13.08","14.49","33.87","88796"
"India","Karnataka","Kalaburagi","Afzalpur","Financial Year (Apr - Mar), 2020","5.56","57.99","41.82","0.44","91.62","20.00","56.23","6.89","52.59","48.60","95449"
"India","Karnataka","Mysuru","Hunsur","Financial Year (Apr - Mar), 2020","7.16","31.83","3.74","1.92","NaN","11.47","50.17","10.28","25.45","63.43","142615"
"India","Karnataka","Belagavi","Raybag","Financial Year (Apr - Mar), 2020","None","40.08","","0.58","84.28","24.60","48.30","6.26","35.87","45.73","105929"
"India","Karnataka","Bidar","Chitaguppa","Financial Year (Apr - Mar), 2020","19.01","44.38","31.72","1.49","87.21","None","54.08","11.21","47.24","64.46","105611"
"India","Karnataka","Uttara Kannada","Siddapur","Financial Year (Apr - Mar), 2020","20.76","30.31","36.23","2.15","71.79","32.82","42.64","5.26","27.32","53.64","239129"
"India","Karnataka","Hassan","Sakleshpur","Financial Year (Apr - Mar), 2020","22.42","38.90","13.92","0.91","None","13.76","45.58","7.26","20.02","58.49","204376"
"India","Karnataka","Belagavi","","Financial Year (Apr - Mar), 2020","9.78","28.01","14.21","0.50","69.21","19.94","47.80","3.94","29.38","47.64","132353"
"India","Karnataka","Kolar","Mulbagal","Financial Year (Apr - Mar), 2020","36.72","38.28","13.97","","70.24","4.65","42.17","6.69","16.38","43.90","155743"
"India","Karnataka","Tumakuru","Pavagada","Financial Year (Apr - Mar), 2020","NaN","52.67","11.11","0.95","NaN","5.50","42.39","8.21","45.30","40.58","186792"
"India","Karnataka","Davangere","Honnali","Financial Year (Apr - Mar), 2020","47.03","48.62","22.23","","81.91","18.31","43.92","3.63","41.94","54.50","143441"
"India","Karnataka","Gadag","Ron","Financial Year (Apr - Mar), 2020","60.15","64.60","","","95.52","36.42","56.55","7.10","60.73","43.89","154969"
"India","Karnataka","Chitradurga","","Financial Year (Apr - Mar), 2020","None","42.20","21.30","0.27","52.76","18.79","31.73","7.47","26.38","31.52","127469"
"India","Karnataka","Davangere","","Financial Year (Apr - Mar), 2020","32.44","","20.99","0.18","NaN","17.06","44.04","5.21","44.18","54.15","164050"
"India","Karnataka","Belagavi","Raybag","Financial Year (Apr - Mar), 2020","4.77","40.08","","0.58","None","24.60","48.30","6.26","35.87","45.73","105929"
"India","Karnataka","Ballari","Kurugodu","Financial Year (Apr - Mar), 2020","29.70","35.59","","","92.20","28.61","52.68","11.05","43.63","88.70","255974"
"India","Karnataka","Vijayapura","Devara Hipparagi","Financial Year (Apr - Mar), 2020","23.24","38.64","","0.78","91.43","23.10","50.04","8.54","49.12","59.18","135545"
"India","Karnataka","Belagavi","Mudalgi","Financial Year (Apr - Mar), 2020","2.67","38.64","26.61","","NaN","26.69","49.84","7.93","36.19","48.29","125567"
"India","Karnataka","Bengaluru Rural","Dodda Ballapur","Financial Year (Apr - Mar), 2020","15.68","20.69","9.05","1.45","None","0.68","52.08","4.97","36.93","29.12","187189"
"India","Karnataka","Kolar","","Financial Year (Apr - Mar), 2020","4.66","30.48","","0.10","77.23","4.28","41.37","6.34","25.20","47.81","105742"
"India","Karnataka","Shivamogga","Sorab","Financial Year (Apr - Mar), 2020","3.47","61.71","42.21","1.91","77.72","12.14","42.70","11.66","35.18","55.75","176634"
"India","Karnataka","Mysuru","Krishnarajanagara","Financial Year (Apr - Mar), 2020","7.16","43.31","8.50","","68.48","12.07","54.51","8.60","37.88","65.47","305652"
"India","Karnataka","Kolar","Mulbagal","Financial Year (Apr - Mar), 2020","NaN","38.28","13.97","","70.24","4.65","42.17","6.69","16.38","43.90","155743"
"India","Karnataka","Kalaburagi","Yadrami","Financial Year (Apr - Mar), 2020","None","59.89","74.01","1.92","None","29.58","66.45","11.00","66.81","67.29","104817"
"India","Karnataka","Udupi","Brahmavara","Financial Year (Apr - Mar), 2020","NaN","33.24","36.27","","69.42","NaN","40.80","3.10","22.64","42.40","328369"
"India","Karnataka","Ramanagara","Magadi","Financial Year (Apr - Mar), 2020","None","41.48","4.97","0.19","84.77","2.76","36.26","9.57","11.60","60.65","178569"
"India","Karnataka","Shivamogga","Shivamogga","Financial Year (Apr - Mar), 2020","14.81","55.74","12.48","0.51","71.11","6.87","40.31","4.47","31.83","53.79","248273"
"India","Karnataka","Raichur","","Financial Year (Apr - Mar), 2020","34.98","42.64","48.92","","None","None","55.00","13.46","47.81","71.35","1113286"
"India","Karnataka","Bengaluru Urban","Anekal","Financial Year (Apr - Mar), 2020","13.14","14.27","1.41","0.27","91.66","4.56","34.10","1.70","17.66","58.55","310132"
"India","Karnataka","Haveri","Savanur","Financial Year (Apr - Mar), 2020","12.22","44.48","46.07","0.50","86.04","35.13","50.76","7.50","45.48","71.86","103440"
"India","Karnataka","Davangere","Harihar","Financial Year (Apr - Mar), 2020","22.10","37.59","","0.14","92.29","35.16","41.34","3.06","27.36","58.40","112330"
"India","Karnataka","Chikkamagaluru","Sringeri","Financial Year (Apr - Mar), 2020","None","17.54","10.86","0.00","84.86","10.99","34.03","3.65","15.14","47.34","438972"
"India","Karnataka","Hassan","Hassan","Financial Year (Apr - Mar), 2020","6.23","42.68","16.18","0.16","69.13","8.28","42.75","8.73","14.58","49.40","200009"
"India","Karnataka","Tumakuru","Madhugiri","Financial Year (Apr - Mar), 2020","None","","","0.43","86.47","6.62","44.50","7.54","35.58","55.50","141840"
"India","Karnataka","Hassan","Sakleshpur","Financial Year (Apr - Mar), 2020","22.42","38.90","13.92","0.91","56.90","13.76","45.58","7.26","20.02","58.49","204376"
"India","Karnataka","Yadgir","Wadagera","Financial Year (Apr - Mar), 2020","23.26","","67.32","1.23","94.99","14.23","65.31","21.26","46.76","64.54","183326"
"India","Karnataka","Tumakuru","","Financial Year (Apr - Mar), 2020","23.12","26.92","27.48","0.31","80.37","5.97","53.03","6.28","28.52","60.80","189192"
"India","Karnataka","Belagavi","Ramdurg","Financial Year (Apr - Mar), 2020","5.68","57.21","","3.32","NaN","18.01","48.99","10.83","34.88","54.84","146646"
"India","Karnataka","Bengaluru Urban","Bengaluru South","Financial Year (Apr - Mar), 2020","10.90","12.85","1.31","0.65","NaN","6.11","32.92","2.44","22.12","63.02","936983"
"India","Karnataka","Haveri","Savanur","Financial Year (Apr - Mar), 2020","12.22","44.48","46.07","0.50","86.04","35.13","50.76","7.50","45.48","71.86","103440"
"India","Karnataka","Udupi","Kapu","Financial Year (Apr - Mar), 2020","0.50","15.82","30.86","0.04","None","NaN","44.21","5.02","20.43","34.69","312553"
"India","Karnataka","Chikkaballapura","Sidlaghatta","Financial Year (Apr - Mar), 2020","0.33","44.80","12.32","0.00","74.53","2.13","42.08","10.82","12.58","69.23","104407"
"India","Karnataka","Shivamogga","Hosanagara","Financial Year (Apr - Mar), 2020","1.73","63.58","35.09","","78.21","7.11","36.69","8.83","29.59","53.53","199376"
"India","Karnataka","Bidar","Aurad","Financial Year (Apr - Mar), 2020","29.41","55.28","45.68","0.93","None","22.59","47.81","8.80","56.33","44.08","92057"
"India","Karnataka","Kalaburagi","Jevargi","Financial Year (Apr - Mar), 2020","16.39","59.11","69.19","1.79","86.79","21.73","59.89","9.92","63.43","55.24","82191"
"India","Karnataka","Mandya","","Financial Year (Apr - Mar), 2020","NaN","23.27","8.17","1.50","87.18","NaN","42.01","8.74","18.27","58.10","237734"
"India","Karnataka","Kalaburagi","","Financial Year (Apr - Mar), 2020","22.93","63.89","56.70","0.89","85.70","30.17","58.41","7.91","39.67","49.90","158977"
"India","Karnataka","Kodagu","Virajpet","Financial Year (Apr - Mar), 2020","18.34","34.71","17.01","1.11","67.50","9.27","37.69","6.24","34.86","40.99","211148"
"India","Karnataka","Hassan","Arkalgud","Financial Year (Apr - Mar), 2020","26.95","41.77","14.16","0.65","55.55","10.53","48.01","8.55","34.11","47.67","241055"
"India","Karnataka","Koppal","","Financial Year (Apr - Mar), 2020","55.65","55.91","73.27","0.36","97.42","35.14","48.18","15.16","36.30","74.60","99589"
"India","Karnataka","Raichur","Raichur","Financial Year (Apr - Mar), 2020","18.91","56.66","48.91","0.07","79.70","13.56","60.77","17.94","45.63","60.50","116146"
"India","Karnataka","Haveri","","Financial Year (Apr - Mar), 2020","16.84","46.73","41.74","0.35","83.70","32.12","51.52","5.27","50.43","60.77","124963"
"India","Karnataka","Vijayapura","Sindgi","Financial Year (Apr - Mar), 2020","19.39","51.64","54.16","","NaN","22.44","47.60","7.99","50.59","52.50","108827"
"India","Karnataka","Ballari","Kotturu","Financial Year (Apr - Mar), 2020","6.91","52.45","42.27","2.88","92.18","12.76","50.62","14.74","43.18","76.93","121607"
"India","Karnataka","Gadag","Laxmeshwar","Financial Year (Apr - Mar), 2020","None","61.00","37.50","","86.29","22.07","43.08","8.16","51.66","63.24","89827"
"India","Karnataka","Kodagu","Somvarpet","Financial Year (Apr - Mar), 2020","42.58","38.79","23.50","","78.28","11.41","40.14","3.72","27.06","54.99","152843"
"India","Karnataka","Vijayapura","Babaleshwar","Financial Year (Apr - Mar), 2020","0.67","44.23","48.06","","83.77","19.48","47.50","8.78","45.65","57.51","217333"
"India","Karnataka","Belagavi","Hukeri","Financial Year (Apr - Mar), 2020","None","26.37","17.55","0.19","78.86","25.34","49.51","7.47","31.31","48.79","106382"
"India","Karnataka","Chikkamagaluru","Narasimharajapura","Financial Year (Apr - Mar), 2020","12.67","29.99","20.86","1.57","79.34","15.48","38.53","5.67","12.97","54.90","505972"
"India","Karnataka","Gadag","Shirhatti","Financial Year (Apr - Mar), 2020","10.28","62.55","52.02","1.74","95.47","None","33.29","6.04","59.27","60.03","145007"
"India","Karnataka","Belagavi","Mudalgi","Financial Year (Apr - Mar), 2020","2.67","38.64","26.61","","86.51","None","49.84","7.93","36.19","48.29","125567"
"India","Karnataka","Shivamogga","Hosanagara","Financial Year (Apr - Mar), 2020","1.73","63.58","35.09","","78.21","7.11","36.69","8.83","29.59","53.53","199376"
"India","Karnataka","Vijayapura","Devara Hipparagi","Financial Year (Apr - Mar), 2020","NaN","38.64","","0.78","91.43","NaN","50.04","8.54","49.12","59.18","135545"
"India","Karnataka","Belagavi","","Financial Year (Apr - Mar), 2020","39.90","46.30","45.28","","NaN","18.52","49.00","8.51","35.97","50.90","116368"
"India","Karnataka","Gadag","Mundargi","Financial Year (Apr - Mar), 2020","NaN","","45.19","3.22","93.70","20.21","45.43","9.15","52.50","61.21","139645"
"India","Karnataka","Ballari","Siruguppa","Financial Year (Apr - Mar), 2020","36.60","55.60","","0.95","92.37","24.95","56.59","17.13","45.44","71.43","165734"
"India","Karnataka","Vijayapura","Vijayapura","Financial Year (Apr - Mar), 2020","11.21","36.42","","2.08","82.39","18.75","50.94","7.95","51.18","57.78","71993"
"India","Karnataka","Haveri","Hirekerur","Financial Year (Apr - Mar), 2020","5.54","52.36","48.47","0.00","86.39","11.23","50.10","6.70","31.06","64.37","105330"
"India","Karnataka","Uttara Kannada","Kumta","Financial Year (Apr - Mar), 2020","79.95","21.06","40.52","1.43","NaN","28.90","44.39","5.64","25.05","34.63","182938"
"India","Karnataka","Belagavi","Savadatti","Financial Year (Apr - Mar), 2020","8.36","48.57","43.23","3.67","92.62","19.06","47.42","10.69","32.87","51.36","107876"
"India","Karnataka","Chamarajanagara","Yelandur","Financial Year (Apr - Mar), 2020","18.63","31.05","6.96","","92.66","14.57","40.15","9.90","26.88","64.06","166500"
"India","Karnataka","Tumakuru","","Financial Year (Apr - Mar), 2020","6.51","27.49","27.59","0.43","None","9.41","43.63","7.59","28.69","57.49","162413"
"India","Karnataka","Vijayapura","Kolhar","Financial Year (Apr - Mar), 2020","24.37","47.08","56.58","1.57","None","24.59","49.52","10.46","47.11","62.24","109141"
"India","Karnataka","Koppal","","Financial Year (Apr - Mar), 2020","55.65","55.91","73.27","0.36","None","35.14","48.18","15.16","36.30","74.60","99589"
"India","Karnataka","Ramanagara","Channapatna","Financial Year (Apr - Mar), 2020","36.30","25.99","10.64","0.44","81.71","4.46","43.76","9.27","16.28","66.83","176826"
"India","Karnataka","Haveri","Rattihalli","Financial Year (Apr - Mar), 2020","14.57","59.78","46.48","","87.25","19.45","40.32","8.44","27.68","47.21","114302"
"India","Karnataka","Vijayapura","Babaleshwar","Financial Year (Apr - Mar), 2020","0.67","44.23","48.06","","83.77","19.48","47.50","8.78","45.65","57.51","217333"
"India","Karnataka","Dharwad","Kundgol","Financial Year (Apr - Mar), 2020","14.68","","51.27","0.49","75.83","6.81","42.92","4.52","49.84","54.97","132573"
"India","Karnataka","Bagalkote","Jamkhandi","Financial Year (Apr - Mar), 2020","37.11","42.45","","1.42","73.91","6.34","42.49","4.45","50.61","70.13","187955"
"India","Karnataka","Bengaluru Urban","Bengaluru East","Financial Year (Apr - Mar), 2020","8.28","2.52","0.33","0.00","95.81","None","36.05","1.66","27.20","66.25","326297"
"India","Karnataka","Bidar","Bhalki","Financial Year (Apr - Mar), 2020","2.46","58.23","52.15","0.35","88.09","36.47","58.40","5.25","30.03","58.35","105488"
"India","Karnataka","Bidar","Bhalki","Financial Year (Apr - Mar), 2020","2.46","58.23","52.15","0.35","88.09","36.47","58.40","5.25","30.03","58.35","105488"
"India","Karnataka","Chikkaballapura","","Financial Year (Apr - Mar), 2020","42.52","33.96","7.41","0.00","87.30","3.59","46.34","10.09","28.17","63.98","153364"
"India","Karnataka","Kalaburagi","Afzalpur","Financial Year (Apr - Mar), 2020","5.56","57.99","41.82","0.44","91.62","None","56.23","6.89","52.59","48.60","95449"
"India","Karnataka","Shivamogga","Sorab","Financial Year (Apr - Mar), 2020","3.47","61.71","42.21","1.91","77.72","12.14","42.70","11.66","35.18","55.75","176634"
"India","Karnataka","Uttara Kannada","Dandeli","Financial Year (Apr - Mar), 2020","50.39","50.73","62.01","3.69","94.81","23.32","41.89","10.96","37.45","61.43","66599"
"India","Karnataka","Dakshina Kannada","","Financial Year (Apr - Mar), 2020","6.30","","39.52","0.00","62.72","13.93","32.35","2.07","25.78","39.58","414937"
"India","Karnataka","Dharwad","","Financial Year (Apr - Mar), 2020","11.87","67.59","47.79","0.72","76.16","12.94","59.96","4.60","60.47","51.17","155465"
"India","Karnataka","Davangere","Honnali","Financial Year (Apr - Mar), 2020","47.03","48.62","22.23","","81.91","18.31","43.92","3.63","41.94","54.50","143441"
"India","Karnataka","Uttara Kannada","Sirsi","Financial Year (Apr - Mar), 2020","1.11","50.24","13.89","0.83","97.45","15.08","31.82","3.51","13.73","45.11","196736"
"India","Karnataka","Ballari","Kudligi","Financial Year (Apr - Mar), 2020","60.00","61.27","68.81","6.27","98.24","32.05","40.70","20.05","47.14","82.73","152649"
"India","Karnataka","Raichur","","Financial Year (Apr - Mar), 2020","17.74","52.00","38.42","0.27","83.55","NaN","56.40","15.62","33.69","54.32","114306"
"India","Karnataka","Udupi","","Financial Year (Apr - Mar), 2020","33.92","22.13","33.75","0.04","34.15","31.16","46.32","3.81","21.13","48.53","226468"
"India","Karnataka","Raichur","Raichur","Financial Year (Apr - Mar), 2020","18.91","56.66","48.91","0.07","79.70","13.56","60.77","17.94","45.63","60.50","116146"
"India","Karnataka","Dharwad","Alnavar","Financial Year (Apr - Mar), 2020","39.51","57.49","28.95","0.83","88.33","15.18","58.50","6.70","48.60","59.38","173311"
"India","Karnataka","Ballari","Siruguppa","Financial Year (Apr - Mar), 2020","36.60","55.60","","0.95","92.37","None","56.59","17.13","45.44","71.43","165734"
"India","Karnataka","Dakshina Kannada","","Financial Year (Apr - Mar), 2020","1.05","","25.55","0.01","69.29","6.46","34.90","2.82","30.41","69.89","318604"
"India","Karnataka","Mandya","","Financial Year (Apr - Mar), 2020","7.16","23.27","8.17","1.50","87.18","12.07","42.01","8.74","18.27","58.10","237734"
"India","Karnataka","Ramanagara","Magadi","Financial Year (Apr - Mar), 2020","NaN","41.48","4.97","0.19","84.77","2.76","36.26","9.57","11.60","60.65","178569"
"India","Karnataka","Hassan","Arsikere","Financial Year (Apr - Mar), 2020","89.97","51.64","14.95","","76.30","17.33","43.47","8.10","22.36","64.12","102535"
"India","Karnataka","Mysuru","Saraguru","Financial Year (Apr - Mar), 2020","7.16","40.60","6.50","0.82","70.81","14.75","47.46","9.89","34.23","70.23","108241"
"India","Karnataka","Ballari","Harapanahalli","Financial Year (Apr - Mar), 2020","11.87","52.34","43.92","3.56","NaN","27.41","47.72","12.94","37.97","68.27","92793"
"India","Karnataka","Mysuru","Krishnarajanagara","Financial Year (Apr - Mar), 2020","7.16","43.31","8.50","","68.48","12.07","54.51","8.60","37.88","65.47","305652"
"India","Karnataka","Chitradurga","","Financial Year (Apr - Mar), 2020","14.00","42.20","21.30","0.27","NaN","None","31.73","7.47","26.38","31.52","127469"
"India","Karnataka","Dharwad","Alnavar","Financial Year (Apr - Mar), 2020","39.51","57.49","28.95","0.83","88.33","15.18","58.50","6.70","48.60","59.38","173311"
"India","Karnataka","Vijayapura","Chadachan","Financial Year (Apr - Mar), 2020","12.66","47.07","","","NaN","18.72","53.84","8.11","49.14","55.86","109558"
"India","Karnataka","Kalaburagi","","Financial Year (Apr - Mar), 2020","22.93","63.89","56.70","0.89","85.70","30.17","58.41","7.91","39.67","49.90","158977"
"India","Karnataka","Chitradurga","Hiriyur","Financial Year (Apr - Mar), 2020","8.39","","24.06","0.09","73.98","14.37","36.30","7.70","47.35","55.55","127522"
"India","Karnataka","Chitradurga","Hiriyur","Financial Year (Apr - Mar), 2020","NaN","","24.06","0.09","73.98","NaN","36.30","7.70","47.35","55.55","127522"
"India","Karnataka","Uttara Kannada","Yellapur","Financial Year (Apr - Mar), 2020","11.44","37.49","","1.12","85.66","40.24","35.21","8.19","37.46","83.37","147265"
"India","Karnataka","Mandya","","Financial Year (Apr - Mar), 2020","7.16","36.55","8.44","0.57","82.82","4.81","43.63","10.17","12.77","53.40","71001"
"India","Karnataka","Haveri","Ranibennur","Financial Year (Apr - Mar), 2020","7.46","50.79","48.00","0.07","84.45","12.31","49.77","6.63","28.33","47.37","122145"
"India","Karnataka","Ballari","Sandur","Financial Year (Apr - Mar), 2020","33.88","57.10","45.96","1.30","85.44","22.04","51.85","13.66","35.11","73.22","198231"
"India","Karnataka","Belagavi","Mudalgi","Financial Year (Apr - Mar), 2020","2.67","38.64","26.61","","86.51","26.69","49.84","7.93","36.19","48.29","125567"
"India","Karnataka","Chikkaballapura","","Financial Year (Apr - Mar), 2020","42.52","33.96","7.41","0.00","87.30","3.59","46.34","10.09","28.17","63.98","153364"
"India","Karnataka","Vijayapura","Basavana Bagevadi","Financial Year (Apr - Mar), 2020","12.20","51.18","","","85.21","30.53","46.66","16.67","45.37","59.33","114151"
"India","Karnataka","Haveri","Rattihalli","Financial Year (Apr - Mar), 2020","NaN","59.78","46.48","","87.25","19.45","40.32","8.44","27.68","47.21","114302"
"India","Karnataka","Dharwad","Hubballi","Financial Year (Apr - Mar), 2020","NaN","48.91","35.09","0.76","87.56","9.69","46.72","4.15","59.70","52.89","67245"
"India","Karnataka","Chikkamagaluru","Tarikere","Financial Year (Apr - Mar), 2020","13.17","48.67","15.99","1.30","67.87","10.30","31.51","8.38","23.40","50.72","307349"
"India","Karnataka","Kalaburagi","","Financial Year (Apr - Mar), 2020","None","57.65","54.48","1.65","88.30","19.70","50.87","11.49","54.76","55.55","107423"
"India","Karnataka","Raichur","Sindhnur","Financial Year (Apr - Mar), 2020","41.98","49.98","25.17","1.24","78.52","14.65","55.73","13.86","30.19","53.73","133127"
"India","Karnataka","Kalaburagi","","Financial Year (Apr - Mar), 2020","22.93","63.89","56.70","0.89","85.70","30.17","58.41","7.91","39.67","49.90","158977"
"India","Karnataka","Belagavi","Mudalgi","Financial Year (Apr - Mar), 2020","2.67","38.64","26.61","","86.51","26.69","49.84","7.93","36.19","48.29","125567"
"India","Karnataka","Yadgir","Shahpur","Financial Year (Apr - Mar), 2020","16.12","38.98","62.52","0.39","93.13","15.33","51.18","18.48","46.04","63.54","112182"
"India","Karnataka","Ballari","Sandur","Financial Year (Apr - Mar), 2020","33.88","57.10","45.96","1.30","85.44","22.04","51.85","13.66","35.11","73.22","198231"
"India","Karnataka","Haveri","Savanur","Financial Year (Apr - Mar), 2020","12.22","44.48","46.07","0.50","86.04","35.13","50.76","7.50","45.48","71.86","103440"
"India","Karnataka","Vijayapura","Talikoti","Financial Year (Apr - Mar), 2020","18.12","55.33","53.60","","87.98","29.81","51.01","16.39","44.64","56.43","81016"
"India","Karnataka","Bidar","Hulsoor","Financial Year (Apr - Mar), 2020","46.90","36.75","","3.69","77.49","14.24","63.13","9.02","55.15","66.89","211174"
"India","Karnataka","Chamarajanagara","Yelandur","Financial Year (Apr - Mar), 2020","18.63","31.05","6.96","","None","14.57","40.15","9.90","26.88","64.06","166500"
"India","Karnataka","Mandya","Mandya","Financial Year (Apr - Mar), 2020","29.50","21.88","8.32","1.43","89.84","7.55","37.33","9.10","21.73","46.25","129791"
"India","Karnataka","Bengaluru Urban","Bengaluru North","Financial Year (Apr - Mar), 2020","37.37","5.27","2.53","0.00","83.02","NaN","43.42","11.45","46.46","60.17","748342"
"India","Karnataka","Chikkaballapura","Bagepalli","Financial Year (Apr - Mar), 2020","17.19","30.81","7.52","0.01","86.68","2.13","40.18","14.84","29.57","57.61","136751"
"India","Karnataka","Mandya","Nagamangala","Financial Year (Apr - Mar), 2020","NaN","34.92","15.08","1.11","NaN","NaN","38.86","11.11","14.94","53.13","243150"
"India","Karnataka","Kalaburagi","Shahabad","Financial Year (Apr - Mar), 2020","9.64","44.07","44.42","3.27","None","9.62","60.52","18.41","87.60","62.57","69997"
"India","Karnataka","Hassan","Belur","Financial Year (Apr - Mar), 2020","12.60","55.74","15.11","0.52","66.04","10.71","39.74","8.22","22.31","57.81","128504"
"India","Karnataka","Belagavi","Savadatti","Financial Year (Apr - Mar), 2020","8.36","48.57","43.23","3.67","92.62","19.06","47.42","10.69","32.87","51.36","107876"
"India","Karnataka","Haveri","Ranibennur","Financial Year (Apr - Mar), 2020","7.46","50.79","48.00","0.07","84.45","12.31","49.77","6.63","28.33","47.37","122145"
"India","Karnataka","Vijayapura","Indi","Financial Year (Apr - Mar), 2020","14.79","53.74","52.05","6.89","79.88","18.79","51.17","8.08","51.72","58.71","94029"
"India","Karnataka","Belagavi","Nippani","Financial Year (Apr - Mar), 2020","11.93","32.80","17.00","0.49","None","None","48.28","3.79","24.29","47.48","107773"
"India","Karnataka","Udupi","Karkal","Financial Year (Apr - Mar), 2020","None","22.55","34.01","1.83","61.68","17.99","48.72","1.30","19.33","77.03","326545"
"India","Karnataka","Chitradurga","Hiriyur","Financial Year (Apr - Mar), 2020","8.39","","24.06","0.09","None","14.37","36.30","7.70","47.35","55.55","127522"
"India","Karnataka","Bagalkote","Ilkal","Financial Year (Apr - Mar), 2020","0.26","33.18","60.39","0.11","95.99","None","48.72","8.20","54.71","35.20","147784"
"India","Karnataka","Belagavi","","Financial Year (Apr - Mar), 2020","39.90","46.30","45.28","","None","18.52","49.00","8.51","35.97","50.90","116368"
"India","Karnataka","Hassan","Arkalgud","Financial Year (Apr - Mar), 2020","26.95","41.77","14.16","0.65","None","10.53","48.01","8.55","34.11","47.67","241055"
"India","Karnataka","Chikkaballapura","Chikkaballapura","Financial Year (Apr - Mar), 2020","0.00","","6.32","0.02","73.70","2.72","40.05","9.01","14.38","66.97","194130"
"India","Karnataka","Kalaburagi","","Financial Year (Apr - Mar), 2020","14.67","57.65","54.48","1.65","88.30","19.70","50.87","11.49","54.76","55.55","107423"
"India","Karnataka","Koppal","Yelbarga","Financial Year (Apr - Mar), 2020","26.64","54.29","63.45","","89.86","35.73","51.87","14.60","49.70","79.13","84016"
"India","Karnataka","Raichur","Devadurga","Financial Year (Apr - Mar), 2020","72.33","32.43","47.46","0.13","None","None","57.02","19.68","51.02","61.77","93051"
"India","Karnataka","Hassan","Channarayapatna","Financial Year (Apr - Mar), 2020","1.08","43.40","18.32","0.35","74.18","6.98","54.88","8.05","23.73","40.62","184861"
"India","Karnataka","Hassan","Arsikere","Financial Year (Apr - Mar), 2020","None","51.64","14.95","","76.30","NaN","43.47","8.10","22.36","64.12","102535"
"India","Karnataka","Kalaburagi","Yadrami","Financial Year (Apr - Mar), 2020","33.76","59.89","74.01","1.92","85.36","29.58","66.45","11.00","66.81","67.29","104817"
"India","Karnataka","Vijayapura","Basavana Bagevadi","Financial Year (Apr - Mar), 2020","12.20","51.18","","","85.21","30.53","46.66","16.67","45.37","59.33","114151"
"India","Karnataka","Davangere","Channagiri","Financial Year (Apr - Mar), 2020","79.36","40.49","21.99","1.41","90.34","None","43.66","5.35","30.36","48.64","136427"
"India","Karnataka","Bidar","Aurad","Financial Year (Apr - Mar), 2020","29.41","55.28","45.68","0.93","78.96","22.59","47.81","8.80","56.33","44.08","92057"
"India","Karnataka","Raichur","","Financial Year (Apr - Mar), 2020","39.75","","41.42","1.02","77.90","11.96","60.14","16.48","40.81","64.84","145930"
"India","Karnataka","Belagavi","Savadatti","Financial Year (Apr - Mar), 2020","8.36","48.57","43.23","3.67","92.62","19.06","47.42","10.69","32.87","51.36","107876"
"India","Karnataka","Vijayapura","Basavana Bagevadi","Financial Year (Apr - Mar), 2020","12.20","51.18","","","85.21","30.53","46.66","16.67","45.37","59.33","114151"
"India","Karnataka","Mysuru","Piriyapatna","Financial Year (Apr - Mar), 2020","NaN","39.14","","1.28","47.72","9.89","48.78","9.67","18.67","62.08","125315"
"India","Karnataka","Chamarajanagara","Kollegal","Financial Year (Apr - Mar), 2020","18.58","33.45","","1.21","92.36","None","38.80","9.52","19.16","64.53","142587"
"India","Karnataka","Uttara Kannada","Bhatkal","Financial Year (Apr - Mar), 2020","0.25","14.07","25.62","0.99","92.11","21.72","47.94","5.84","20.54","62.36","155537"
"India","Karnataka","Vijayapura","Vijayapura","Financial Year (Apr - Mar), 2020","11.21","36.42","","2.08","82.39","18.75","50.94","7.95","51.18","57.78","71993"
"India","Karnataka","Dakshina Kannada","","Financial Year (Apr - Mar), 2020","6.30","","39.52","0.00","62.72","13.93","32.35","2.07","25.78","39.58","414937"
"India","Karnataka","Ballari","Sandur","Financial Year (Apr - Mar), 2020","33.88","57.10","45.96","1.30","85.44","22.04","51.85","13.66","35.11","73.22","198231"
"India","Karnataka","Mandya","Mandya","Financial Year (Apr - Mar), 2020","29.50","21.88","8.32","1.43","89.84","7.55","37.33","9.10","21.73","46.25","129791"
"India","Karnataka","Ramanagara","Channapatna","Financial Year (Apr - Mar), 2020","36.30","25.99","10.64","0.44","81.71","4.46","43.76","9.27","16.28","66.83","176826"
"India","Karnataka","Dharwad","","Financial Year (Apr - Mar), 2020","11.87","67.59","47.79","0.72","76.16","12.94","59.96","4.60","60.47","51.17","155465"
"India","Karnataka","Udupi","","Financial Year (Apr - Mar), 2020","4.86","16.55","47.11","0.40","64.70","19.07","57.49","3.39","23.96","54.48","359778"
"India","Karnataka","Haveri","Rattihalli","Financial Year (Apr - Mar), 2020","14.57","59.78","46.48","","87.25","19.45","40.32","8.44","27.68","47.21","114302"
"India","Karnataka","Mandya","Mandya","Financial Year (Apr - Mar), 2020","29.50","21.88","8.32","1.43","None","7.55","37.33","9.10","21.73","46.25","129791"
"India","Karnataka","Belagavi","Kagwad","Financial Year (Apr - Mar), 2020","11.94","34.02","24.78","0.28","None","23.66","45.81","4.46","35.76","48.45","108891"
"India","Karnataka","Dharwad","Navalgund","Financial Year (Apr - Mar), 2020","None","47.43","36.53","0.55","91.89","NaN","51.37","5.47","50.14","54.71","188091"
"India","Karnataka","Kalaburagi","Yadrami","Financial Year (Apr - Mar), 2020","33.76","59.89","74.01","1.92","85.36","29.58","66.45","11.00","66.81","67.29","104817"
"India","Karnataka","Chikkamagaluru","Ajjampura","Financial Year (Apr - Mar), 2020","None","43.20","17.73","0.90","70.20","15.92","42.25","6.76","30.77","42.82","262841"
"India","Karnataka","Gadag","Shirhatti","Financial Year (Apr - Mar), 2020","10.28","62.55","52.02","1.74","95.47","NaN","33.29","6.04","59.27","60.03","145007"
"India","Karnataka","Chamarajanagara","Yelandur","Financial Year (Apr - Mar), 2020","18.63","31.05","6.96","","92.66","14.57","40.15","9.90","26.88","64.06","166500"
"India","Karnataka","Raichur","Devadurga","Financial Year (Apr - Mar), 2020","None","32.43","47.46","0.13","84.74","13.33","57.02","19.68","51.02","61.77","93051"
"India","Karnataka","Hassan","Belur","Financial Year (Apr - Mar), 2020","NaN","55.74","15.11","0.52","None","10.71","39.74","8.22","22.31","57.81","128504"
"India","Karnataka","Mandya","Pandavapura","Financial Year (Apr - Mar), 2020","7.16","27.19","7.27","","95.37","4.76","39.11","8.46","30.99","51.99","390901"
"India","Karnataka","Raichur","Sindhnur","Financial Year (Apr - Mar), 2020","41.98","49.98","25.17","1.24","None","14.65","55.73","13.86","30.19","53.73","133127"
"India","Karnataka","Haveri","Rattihalli","Financial Year (Apr - Mar), 2020","14.57","59.78","46.48","","NaN","19.45","40.32","8.44","27.68","47.21","114302"
"India","Karnataka","Uttara Kannada","Dandeli","Financial Year (Apr - Mar), 2020","50.39","50.73","62.01","3.69","94.81","23.32","41.89","10.96","37.45","61.43","66599"
"India","Karnataka","Chikkaballapura","Chikkaballapura","Financial Year (Apr - Mar), 2020","0.00","","6.32","0.02","73.70","2.72","40.05","9.01","14.38","66.97","194130"
"India","Karnataka","Raichur","Sirwar","Financial Year (Apr - Mar), 2020","35.80","45.19","52.40","0.15","85.99","10.82","55.42","15.47","40.74","57.49","93243"
"India","Karnataka","Shivamogga","Shivamogga","Financial Year (Apr - Mar), 2020","None","55.74","12.48","0.51","71.11","6.87","40.31","4.47","31.83","53.79","248273"
"India","Karnataka","Belagavi","","Financial Year (Apr - Mar), 2020","39.90","46.30","45.28","","95.06","18.52","49.00","8.51","35.97","50.90","116368"
"India","Karnataka","Chikkaballapura","Bagepalli","Financial Year (Apr - Mar), 2020","17.19","30.81","7.52","0.01","86.68","2.13","40.18","14.84","29.57","57.61","136751"
"India","Karnataka","Uttara Kannada","Dandeli","Financial Year (Apr - Mar), 2020","50.39","50.73","62.01","3.69","94.81","23.32","41.89","10.96","37.45","61.43","66599"
"India","Karnataka","Hassan","Channarayapatna","Financial Year (Apr - Mar), 2020","1.08","43.40","18.32","0.35","74.18","NaN","54.88","8.05","23.73","40.62","184861"
"India","Karnataka","Udupi","","Financial Year (Apr - Mar), 2020","NaN","22.13","33.75","0.04","34.15","31.16","46.32","3.81","21.13","48.53","226468"
"India","Karnataka","Chitradurga","Holalkere","Financial Year (Apr - Mar), 2020","10.32","45.98","21.35","0.02","64.92","18.16","34.61","8.64","37.30","52.36","116701"
"India","Karnataka","Bidar","Kamalnagar","Financial Year (Apr - Mar), 2020","17.19","62.94","40.67","","81.18","26.62","58.69","5.14","35.87","65.96","97948"
"India","Karnataka","Tumakuru","Kunigal","Financial Year (Apr - Mar), 2020","6.18","37.84","27.54","0.50","71.30","15.30","43.03","11.12","23.77","74.60","159824"
"India","Karnataka","Mysuru","Piriyapatna","Financial Year (Apr - Mar), 2020","7.16","39.14","","1.28","47.72","9.89","48.78","9.67","18.67","62.08","125315"
"India","Karnataka","Chikkaballapura","","Financial Year (Apr - Mar), 2020","42.52","33.96","7.41","0.00","87.30","3.59","46.34","10.09","28.17","63.98","153364"
"India","Karnataka","Uttara Kannada","Haliyal","Financial Year (Apr - Mar), 2020","37.21","54.01","61.34","4.28","81.81","15.75","44.69","9.62","35.51","47.45","145489"
"India","Karnataka","Yadgir","Gurumitkal","Financial Year (Apr - Mar), 2020","48.33","","","","93.90","NaN","51.60","24.42","58.50","42.63","112424"
"India","Karnataka","Vijayapura","Muddebihal","Financial Year (Apr - Mar), 2020","31.12","59.29","60.34","5.11","85.99","30.25","48.16","15.65","50.51","57.17","157615"
"India","Karnataka","Gadag","Laxmeshwar","Financial Year (Apr - Mar), 2020","NaN","61.00","37.50","","86.29","22.07","43.08","8.16","51.66","63.24","89827"
"India","Karnataka","Raichur","Devadurga","Financial Year (Apr - Mar), 2020","72.33","32.43","47.46","0.13","84.74","NaN","57.02","19.68","51.02","61.77","93051"
"India","Karnataka","Udupi","Brahmavara","Financial Year (Apr - Mar), 2020","1.03","33.24","36.27","","69.42","22.72","40.80","3.10","22.64","42.40","328369"
"India","Karnataka","Raichur","","Financial Year (Apr - Mar), 2020","34.98","42.64","48.92","","77.74","12.21","55.00","13.46","47.81","71.35","1113286"
"India","Karnataka","Belagavi","Nippani","Financial Year (Apr - Mar), 2020","11.93","32.80","17.00","0.49","None","19.52","48.28","3.79","24.29","47.48","107773"
"India","Karnataka","Ballari","Harapanahalli","Financial Year (Apr - Mar), 2020","11.87","52.34","43.92","3.56","85.28","27.41","47.72","12.94","37.97","68.27","92793"
"India","Karnataka","Dakshina Kannada","Sulya","Financial Year (Apr - Mar), 2020","6.76","3.91","15.34","0.04","76.44","8.62","28.73","2.86","21.48","46.29","260635"
"India","Karnataka","Ballari","Hadagalli","Financial Year (Apr - Mar), 2020","23.73","63.66","35.36","3.00","85.06","22.75","54.16","17.07","39.33","69.24","128002"
"India","Karnataka","Yadgir","Yadgir","Financial Year (Apr - Mar), 2020","42.41","","","0.44","94.26","30.73","46.13","24.82","55.20","57.56","102487"
"India","Karnataka","Mandya","","Financial Year (Apr - Mar), 2020","7.16","36.55","8.44","0.57","82.82","4.81","43.63","10.17","12.77","53.40","71001"
"India","Karnataka","Uttara Kannada","","Financial Year (Apr - Mar), 2020","80.92","56.49","72.21","2.58","94.53","10.59","43.61","12.84","42.26","60.25","152651"
"India","Karnataka","Vijayapura","Muddebihal","Financial Year (Apr - Mar), 2020","31.12","59.29","60.34","5.11","85.99","NaN","48.16","15.65","50.51","57.17","157615"
"India","Karnataka","Bagalkote","Guledgudda","Financial Year (Apr - Mar), 2020","10.70","57.19","50.56","1.19","83.87","26.20","51.55","4.84","55.57","78.32","192735"
"India","Karnataka","Mysuru","Heggadadevankote","Financial Year (Apr - Mar), 2020","7.16","41.16","6.12","1.93","62.93","NaN","46.26","9.16","37.60","55.07","110973"
"India","Karnataka","Chikkaballapura","","Financial Year (Apr - Mar), 2020","13.88","33.44","","0.01","94.53","13.42","47.61","13.79","21.85","65.65","92137"
"India","Karnataka","Vijayapura","Tikota","Financial Year (Apr - Mar), 2020","18.12","34.80","40.57","1.98","82.38","20.75","44.89","9.91","52.42","58.22","171902"
"India","Karnataka","Raichur","","Financial Year (Apr - Mar), 2020","39.75","","41.42","1.02","77.90","11.96","60.14","16.48","40.81","64.84","145930"
"India","Karnataka","Yadgir","Yadgir","Financial Year (Apr - Mar), 2020","42.41","","","0.44","94.26","30.73","46.13","24.82","55.20","57.56","102487"
"India","Karnataka","Raichur","","Financial Year (Apr - Mar), 2020","17.74","52.00","38.42","0.27","NaN","None","56.40","15.62","33.69","54.32","114306"
"India","Karnataka","Kolar","Malur","Financial Year (Apr - Mar), 2020","3.94","38.81","5.79","0.59","67.02","5.79","42.06","5.66","18.91","48.91","210291"
"India","Karnataka","Chikkamagaluru","Sringeri","Financial Year (Apr - Mar), 2020","4.52","17.54","10.86","0.00","84.86","10.99","34.03","3.65","15.14","47.34","438972"
"India","Karnataka","Kalaburagi","Yadrami","Financial Year (Apr - Mar), 2020","33.76","59.89","74.01","1.92","None","29.58","66.45","11.00","66.81","67.29","104817"
"India","Karnataka","Haveri","Hangal","Financial Year (Apr - Mar), 2020","NaN","41.16","46.26","0.20","84.30","25.94","50.69","5.30","44.58","62.24","102786"
"India","Karnataka","Kalaburagi","Aland","Financial Year (Apr - Mar), 2020","10.47","58.68","59.49","0.72","96.42","27.93","61.20","11.97","47.98","38.16","103589"
"India","Karnataka","Davangere","Harihar","Financial Year (Apr - Mar), 2020","22.10","37.59","","0.14","NaN","35.16","41.34","3.06","27.36","58.40","112330"
"India","Karnataka","Mandya","","Financial Year (Apr - Mar), 2020","7.16","23.27","8.17","1.50","87.18","None","42.01","8.74","18.27","58.10","237734"
"India","Karnataka","Dakshina Kannada","Beltangadi","Financial Year (Apr - Mar), 2020","6.67","24.44","47.04","0.02","58.36","10.41","34.39","1.84","25.87","58.52","330823"
"India","Karnataka","Uttara Kannada","Kumta","Financial Year (Apr - Mar), 2020","79.95","21.06","40.52","1.43","53.26","28.90","44.39","5.64","25.05","34.63","182938"
"India","Karnataka","Kolar","Srinivaspur","Financial Year (Apr - Mar), 2020","23.05","26.42","","0.12","87.20","None","45.40","6.02","21.21","47.43","134522"
"India","Karnataka","Uttara Kannada","Bhatkal","Financial Year (Apr - Mar), 2020","0.25","14.07","25.62","0.99","92.11","21.72","47.94","5.84","20.54","62.36","155537"
"India","Karnataka","Bagalkote","Guledgudda","Financial Year (Apr - Mar), 2020","10.70","57.19","50.56","1.19","83.87","26.20","51.55","4.84","55.57","78.32","192735"
"India","Karnataka","Kalaburagi","Shahabad","Financial Year (Apr - Mar), 2020","9.64","44.07","44.42","3.27","93.17","9.62","60.52","18.41","87.60","62.57","69997"
"India","Karnataka","Chikkaballapura","Sidlaghatta","Financial Year (Apr - Mar), 2020","0.33","44.80","12.32","0.00","74.53","2.13","42.08","10.82","12.58","69.23","104407"
"India","Karnataka","Shivamogga","Bhadravati","Financial Year (Apr - Mar), 2020","3.69","47.33","8.93","0.18","64.61","11.42","37.55","4.08","29.08","50.04","203491"
"India","Karnataka","Bagalkote","Mudhol","Financial Year (Apr - Mar), 2020","21.67","47.34","41.72","0.98","63.22","13.45","46.53","10.35","48.20","64.02","188586"
"India","Karnataka","Vijayapura","Nidagundi","Financial Year (Apr - Mar), 2020","28.64","47.09","58.31","3.20","93.26","28.23","52.35","13.57","48.51","60.34","132627"
"India","Karnataka","Uttara Kannada","","Financial Year (Apr - Mar), 2020","27.32","43.90","52.50","1.18","88.77","None","46.31","9.07","37.25","72.44","155856"
"India","Karnataka","Tumakuru","Chiknayakanhalli","Financial Year (Apr - Mar), 2020","11.00","29.80","17.88","0.13","79.42","8.11","47.60","6.91","20.29","63.82","203923"
"India","Karnataka","Ramanagara","Channapatna","Financial Year (Apr - Mar), 2020","36.30","25.99","10.64","0.44","81.71","4.46","43.76","9.27","16.28","66.83","176826"
"India","Karnataka","Bidar","Bhalki","Financial Year (Apr - Mar), 2020","2.46","58.23","52.15","0.35","88.09","36.47","58.40","5.25","30.03","58.35","105488"
"India","Karnataka","Davangere","Honnali","Financial Year (Apr - Mar), 2020","47.03","48.62","22.23","","81.91","NaN","43.92","3.63","41.94","54.50","143441"
"India","Karnataka","Raichur","Raichur","Financial Year (Apr - Mar), 2020","18.91","56.66","48.91","0.07","79.70","NaN","60.77","17.94","45.63","60.50","116146"
"India","Karnataka","Belagavi","","Financial Year (Apr - Mar), 2020","NaN","46.30","45.28","","95.06","18.52","49.00","8.51","35.97","50.90","116368"
"India","Karnataka","Kolar","Kolar","Financial Year (Apr - Mar), 2020","0.89","33.69","14.03","0.18","67.82","None","34.70","4.30","21.63","36.70","132383"
"India","Karnataka","Vijayapura","Talikoti","Financial Year (Apr - Mar), 2020","18.12","55.33","53.60","","87.98","29.81","51.01","16.39","44.64","56.43","81016"
"India","Karnataka","Kalaburagi","Afzalpur","Financial Year (Apr - Mar), 2020","5.56","57.99","41.82","0.44","91.62","20.00","56.23","6.89","52.59","48.60","95449"
"India","Karnataka","Tumakuru","Tiptur","Financial Year (Apr - Mar), 2020","57.98","","","0.25","82.70","18.18","46.63","7.15","23.50","46.85","195851"
"India","Karnataka","Mandya","","Financial Year (Apr - Mar), 2020","7.16","24.46","10.97","","92.09","NaN","37.84","10.00","15.58","48.84","262249"
"India","Karnataka","Vijayapura","Sindgi","Financial Year (Apr - Mar), 2020","19.39","51.64","54.16","","91.22","22.44","47.60","7.99","50.59","52.50","108827"
"India","Karnataka","Dakshina Kannada","","Financial Year (Apr - Mar), 2020","6.30","","39.52","0.00","62.72","NaN","32.35","2.07","25.78","39.58","414937"
"India","Karnataka","Dakshina Kannada","Moodubidire","Financial Year (Apr - Mar), 2020","NaN","20.41","8.77","0.05","71.91","8.95","43.14","0.16","18.60","40.23","788705"
"India","Karnataka","Ramanagara","Channapatna","Financial Year (Apr - Mar), 2020","36.30","25.99","10.64","0.44","81.71","4.46","43.76","9.27","16.28","66.83","176826"
"India","Karnataka","Raichur","Sindhnur","Financial Year (Apr - Mar), 2020","41.98","49.98","25.17","1.24","78.52","14.65","55.73","13.86","30.19","53.73","133127"
"India","Karnataka","Uttara Kannada","Haliyal","Financial Year (Apr - Mar), 2020","NaN","54.01","61.34","4.28","81.81","NaN","44.69","9.62","35.51","47.45","145489"
"India","Karnataka","Ballari","Ballari","Financial Year (Apr - Mar), 2020","51.77","39.84","39.28","0.52","None","34.38","52.53","13.61","42.12","67.57","173684"
"India","Karnataka","Shivamogga","Sorab","Financial Year (Apr - Mar), 2020","NaN","61.71","42.21","1.91","77.72","NaN","42.70","11.66","35.18","55.75","176634"
"India","Karnataka","Kolar","Srinivaspur","Financial Year (Apr - Mar), 2020","None","26.42","","0.12","None","3.85","45.40","6.02","21.21","47.43","134522"
"India","Karnataka","Bidar","Aurad","Financial Year (Apr - Mar), 2020","None","55.28","45.68","0.93","None","22.59","47.81","8.80","56.33","44.08","92057"
"India","Karnataka","Dakshina Kannada","Puttur","Financial Year (Apr - Mar), 2020","6.90","9.63","24.01","0.00","68.27","14.32","37.88","2.15","26.74","49.65","322839"
"India","Karnataka","Udupi","Udupi","Financial Year (Apr - Mar), 2020","2.31","26.19","37.01","0.11","NaN","15.13","42.83","3.83","22.24","57.27","327115"
"India","Karnataka","Shivamogga","Sorab","Financial Year (Apr - Mar), 2020","3.47","61.71","42.21","1.91","77.72","None","42.70","11.66","35.18","55.75","176634"
"India","Karnataka","Chikkamagaluru","Kadur","Financial Year (Apr - Mar), 2020","2.80","31.29","","0.37","71.26","6.68","35.00","4.32","31.83","42.38","148072"
"India","Karnataka","Dharwad","Alnavar","Financial Year (Apr - Mar), 2020","39.51","57.49","28.95","0.83","88.33","15.18","58.50","6.70","48.60","59.38","173311"
"India","Karnataka","Raichur","Sindhnur","Financial Year (Apr - Mar), 2020","41.98","49.98","25.17","1.24","None","14.65","55.73","13.86","30.19","53.73","133127"
"India","Karnataka","Chikkaballapura","","Financial Year (Apr - Mar), 2020","42.52","33.96","7.41","0.00","87.30","3.59","46.34","10.09","28.17","63.98","153364"
"India","Karnataka","Raichur","Sirwar","Financial Year (Apr - Mar), 2020","35.80","45.19","52.40","0.15","85.99","None","55.42","15.47","40.74","57.49","93243"
"India","Karnataka","Chamarajanagara","Yelandur","Financial Year (Apr - Mar), 2020","18.63","31.05","6.96","","92.66","14.57","40.15","9.90","26.88","64.06","166500"
"India","Karnataka","Tumakuru","Madhugiri","Financial Year (Apr - Mar), 2020","16.13","","","0.43","86.47","6.62","44.50","7.54","35.58","55.50","141840"
"India","Karnataka","Kalaburagi","","Financial Year (Apr - Mar), 2020","NaN","63.89","56.70","0.89","85.70","30.17","58.41","7.91","39.67","49.90","158977"
"India","Karnataka","Mandya","Maddur","Financial Year (Apr - Mar), 2020","None","36.51","13.26","","89.10","None","43.26","10.85","20.53","46.57","88522"
"India","Karnataka","Belagavi","Mudalgi","Financial Year (Apr - Mar), 2020","2.67","38.64","26.61","","NaN","26.69","49.84","7.93","36.19","48.29","125567"
"India","Karnataka","Mysuru","Krishnarajanagara","Financial Year (Apr - Mar), 2020","7.16","43.31","8.50","","None","12.07","54.51","8.60","37.88","65.47","305652"
"India","Karnataka","Chikkaballapura","Chikkaballapura","Financial Year (Apr - Mar), 2020","0.00","","6.32","0.02","NaN","2.72","40.05","9.01","14.38","66.97","194130"
"India","Karnataka","Vijayapura","Devara Hipparagi","Financial Year (Apr - Mar), 2020","23.24","38.64","","0.78","91.43","23.10","50.04","8.54","49.12","59.18","135545"
"India","Karnataka","Hassan","Arsikere","Financial Year (Apr - Mar), 2020","89.97","51.64","14.95","","76.30","17.33","43.47","8.10","22.36","64.12","102535"
"India","Karnataka","Kalaburagi","Afzalpur","Financial Year (Apr - Mar), 2020","5.56","57.99","41.82","0.44","91.62","20.00","56.23","6.89","52.59","48.60","95449"
"India","Karnataka","Belagavi","Savadatti","Financial Year (Apr - Mar), 2020","None","48.57","43.23","3.67","92.62","19.06","47.42","10.69","32.87","51.36","107876"
"India","Karnataka","Mysuru","Piriyapatna","Financial Year (Apr - Mar), 2020","7.16","39.14","","1.28","47.72","9.89","48.78","9.67","18.67","62.08","125315"
"India","Karnataka","Uttara Kannada","","Financial Year (Apr - Mar), 2020","27.32","43.90","52.50","1.18","88.77","None","46.31","9.07","37.25","72.44","155856"
"India","Karnataka","Belagavi","","Financial Year (Apr - Mar), 2020","39.90","46.30","45.28","","NaN","18.52","49.00","8.51","35.97","50.90","116368"
"India","Karnataka","Davangere","Nyamathi","Financial Year (Apr - Mar), 2020","2.43","55.66","20.95","","82.52","8.14","44.36","3.27","55.60","47.59","111450"
"India","Karnataka","Vijayapura","Vijayapura","Financial Year (Apr - Mar), 2020","11.21","36.42","","2.08","82.39","18.75","50.94","7.95","51.18","57.78","71993"
"India","Karnataka","Chikkaballapura","","Financial Year (Apr - Mar), 2020","42.52","33.96","7.41","0.00","87.30","3.59","46.34","10.09","28.17","63.98","153364"
"India","Karnataka","Mandya","Pandavapura","Financial Year (Apr - Mar), 2020","7.16","27.19","7.27","","None","4.76","39.11","8.46","30.99","51.99","390901"
"India","Karnataka","Kalaburagi","","Financial Year (Apr - Mar), 2020","NaN","63.89","56.70","0.89","85.70","30.17","58.41","7.91","39.67","49.90","158977"
"India","Karnataka","Dharwad","Alnavar","Financial Year (Apr - Mar), 2020","39.51","57.49","28.95","0.83","88.33","None","58.50","6.70","48.60","59.38","173311"
"India","Karnataka","Kolar","","Financial Year (Apr - Mar), 2020","4.66","30.48","","0.10","None","4.28","41.37","6.34","25.20","47.81","105742"
"India","Karnataka","Belagavi","","Financial Year (Apr - Mar), 2020","9.78","28.01","14.21","0.50","69.21","19.94","47.80","3.94","29.38","47.64","132353"
"India","Karnataka","Tumakuru","Chiknayakanhalli","Financial Year (Apr - Mar), 2020","11.00","29.80","17.88","0.13","79.42","8.11","47.60","6.91","20.29","63.82","203923"
"India","Karnataka","Kodagu","Virajpet","Financial Year (Apr - Mar), 2020","18.34","34.71","17.01","1.11","67.50","None","37.69","6.24","34.86","40.99","211148"
"India","Karnataka","Haveri","Hirekerur","Financial Year (Apr - Mar), 2020","5.54","52.36","48.47","0.00","86.39","11.23","50.10","6.70","31.06","64.37","105330"
"India","Karnataka","Uttara Kannada","","Financial Year (Apr - Mar), 2020","80.92","56.49","72.21","2.58","94.53","10.59","43.61","12.84","42.26","60.25","152651"
"India","Karnataka","Raichur","","Financial Year (Apr - Mar), 2020","17.74","52.00","38.42","0.27","83.55","NaN","56.40","15.62","33.69","54.32","114306"
"India","Karnataka","Yadgir","Hunasagi","Financial Year (Apr - Mar), 2020","8.42","52.94","59.88","0.27","91.97","None","52.93","14.57","50.13","51.19","103933"
"India","Karnataka","Shivamogga","Bhadravati","Financial Year (Apr - Mar), 2020","3.69","47.33","8.93","0.18","64.61","NaN","37.55","4.08","29.08","50.04","203491"
"India","Karnataka","Kodagu","Somvarpet","Financial Year (Apr - Mar), 2020","NaN","38.79","23.50","","78.28","11.41","40.14","3.72","27.06","54.99","152843"
"India","Karnataka","Bengaluru Rural","Dodda Ballapur","Financial Year (Apr - Mar), 2020","15.68","20.69","9.05","1.45","75.55","0.68","52.08","4.97","36.93","29.12","187189"
"India","Karnataka","Kalaburagi","Shahabad","Financial Year (Apr - Mar), 2020","9.64","44.07","44.42","3.27","93.17","9.62","60.52","18.41","87.60","62.57","69997"
"India","Karnataka","Mysuru","Heggadadevankote","Financial Year (Apr - Mar), 2020","7.16","41.16","6.12","1.93","62.93","NaN","46.26","9.16","37.60","55.07","110973"
"India","Karnataka","Bagalkote","","Financial Year (Apr - Mar), 2020","NaN","35.11","","0.33","97.50","None","50.39","11.53","49.78","59.94","232010"
"India","Karnataka","Ballari","Kampli","Financial Year (Apr - Mar), 2020","38.44","47.24","","1.45","90.39","33.64","60.60","13.43","43.81","62.88","147220"
"India","Karnataka","Tumakuru","Tiptur","Financial Year (Apr - Mar), 2020","57.98","","","0.25","82.70","18.18","46.63","7.15","23.50","46.85","195851"
"India","Karnataka","Haveri","Shiggaon","Financial Year (Apr - Mar), 2020","34.58","60.83","46.87","1.23","75.50","29.07","52.41","7.25","44.15","50.88","110381"
"India","Karnataka","Kolar","Srinivaspur","Financial Year (Apr - Mar), 2020","None","26.42","","0.12","87.20","NaN","45.40","6.02","21.21","47.43","134522"
"India","Karnataka","Bengaluru Urban","Bengaluru South","Financial Year (Apr - Mar), 2020","10.90","12.85","1.31","0.65","78.86","6.11","32.92","2.44","22.12","63.02","936983"
"India","Karnataka","Bidar","Bhalki","Financial Year (Apr - Mar), 2020","NaN","58.23","52.15","0.35","88.09","36.47","58.40","5.25","30.03","58.35","105488"
"India","Karnataka","Hassan","Arkalgud","Financial Year (Apr - Mar), 2020","26.95","41.77","14.16","0.65","55.55","10.53","48.01","8.55","34.11","47.67","241055"
"India","Karnataka","Bidar","Hulsoor","Financial Year (Apr - Mar), 2020","46.90","36.75","","3.69","77.49","14.24","63.13","9.02","55.15","66.89","211174"
"India","Karnataka","Gadag","Ron","Financial Year (Apr - Mar), 2020","60.15","64.60","","","95.52","36.42","56.55","7.10","60.73","43.89","154969"
"India","Karnataka","Ballari","","Financial Year (Apr - Mar), 2020","15.72","44.40","20.26","1.99","NaN","28.96","54.92","9.64","42.38","73.80","127623"
"India","Karnataka","Kalaburagi","Chincholi","Financial Year (Apr - Mar), 2020","None","60.88","","1.39","89.37","20.00","50.19","7.65","39.59","52.43","82440"
"India","Karnataka","Uttara Kannada","Kumta","Financial Year (Apr - Mar), 2020","79.95","21.06","40.52","1.43","NaN","28.90","44.39","5.64","25.05","34.63","182938"
"India","Karnataka","Udupi","","Financial Year (Apr - Mar), 2020","4.86","16.55","47.11","0.40","None","None","57.49","3.39","23.96","54.48","359778"
"India","Karnataka","Belagavi","Gokak","Financial Year (Apr - Mar), 2020","None","39.60","27.36","0.42","81.78","25.71","49.90","7.04","35.12","47.75","106964"
"India","Karnataka","Hassan","Channarayapatna","Financial Year (Apr - Mar), 2020","NaN","43.40","18.32","0.35","74.18","None","54.88","8.05","23.73","40.62","184861"
"India","Karnataka","Bengaluru Urban","Bengaluru North","Financial Year (Apr - Mar), 2020","NaN","5.27","2.53","0.00","83.02","NaN","43.42","11.45","46.46","60.17","748342"
"India","Karnataka","Bidar","Homnabad","Financial Year (Apr - Mar), 2020","21.75","42.64","39.11","2.19","93.45","None","57.87","8.62","34.56","69.39","102381"
"India","Karnataka","Mandya","Mandya","Financial Year (Apr - Mar), 2020","29.50","21.88","8.32","1.43","89.84","7.55","37.33","9.10","21.73","46.25","129791"
"India","Karnataka","Belagavi","Raybag","Financial Year (Apr - Mar), 2020","NaN","40.08","","0.58","84.28","NaN","48.30","6.26","35.87","45.73","105929"
"India","Karnataka","Mysuru","Tirumakudal - Narsipur","Financial Year (Apr - Mar), 2020","3.58","30.93","5.82","0.83","44.24","14.93","53.07","5.74","28.04","65.32","108778"
"India","Karnataka","Raichur","","Financial Year (Apr - Mar), 2020","None","","41.42","1.02","None","11.96","60.14","16.48","40.81","64.84","145930"
"India","Karnataka","Udupi","Karkal","Financial Year (Apr - Mar), 2020","None","22.55","34.01","1.83","61.68","17.99","48.72","1.30","19.33","77.03","326545"
"India","Karnataka","Raichur","Sindhnur","Financial Year (Apr - Mar), 2020","41.98","49.98","25.17","1.24","78.52","14.65","55.73","13.86","30.19","53.73","133127"
"India","Karnataka","Vijayapura","Sindgi","Financial Year (Apr - Mar), 2020","19.39","51.64","54.16","","NaN","22.44","47.60","7.99","50.59","52.50","108827"
"India","Karnataka","Vijayapura","Vijayapura","Financial Year (Apr - Mar), 2020","11.21","36.42","","2.08","82.39","18.75","50.94","7.95","51.18","57.78","71993"
"India","Karnataka","Kodagu","Somvarpet","Financial Year (Apr - Mar), 2020","42.58","38.79","23.50","","None","None","40.14","3.72","27.06","54.99","152843"
"India","Karnataka","Kodagu","Somvarpet","Financial Year (Apr - Mar), 2020","None","38.79","23.50","","78.28","None","40.14","3.72","27.06","54.99","152843"
"India","Karnataka","Dharwad","Alnavar","Financial Year (Apr - Mar), 2020","39.51","57.49","28.95","0.83","88.33","NaN","58.50","6.70","48.60","59.38","173311"
"India","Karnataka","Ramanagara","Magadi","Financial Year (Apr - Mar), 2020","79.80","41.48","4.97","0.19","84.77","2.76","36.26","9.57","11.60","60.65","178569"
"India","Karnataka","Tumakuru","","Financial Year (Apr - Mar), 2020","23.12","26.92","27.48","0.31","NaN","5.97","53.03","6.28","28.52","60.80","189192"
"India","Karnataka","Vijayapura","Muddebihal","Financial Year (Apr - Mar), 2020","NaN","59.29","60.34","5.11","85.99","NaN","48.16","15.65","50.51","57.17","157615"
"India","Karnataka","Hassan","Hassan","Financial Year (Apr - Mar), 2020","6.23","42.68","16.18","0.16","None","NaN","42.75","8.73","14.58","49.40","200009"
"India","Karnataka","Bagalkote","","Financial Year (Apr - Mar), 2020","1.84","35.11","","0.33","97.50","None","50.39","11.53","49.78","59.94","232010"
"India","Karnataka","Kalaburagi","Shahabad","Financial Year (Apr - Mar), 2020","9.64","44.07","44.42","3.27","93.17","9.62","60.52","18.41","87.60","62.57","69997"
"India","Karnataka","Koppal","","Financial Year (Apr - Mar), 2020","NaN","55.91","73.27","0.36","97.42","35.14","48.18","15.16","36.30","74.60","99589"
"India","Karnataka","Belagavi","Savadatti","Financial Year (Apr - Mar), 2020","8.36","48.57","43.23","3.67","92.62","19.06","47.42","10.69","32.87","51.36","107876"
"India","Karnataka","Dakshina Kannada","Beltangadi","Financial Year (Apr - Mar), 2020","None","24.44","47.04","0.02","None","10.41","34.39","1.84","25.87","58.52","330823"
"India","Karnataka","Udupi","Udupi","Financial Year (Apr - Mar), 2020","2.31","26.19","37.01","0.11","75.25","NaN","42.83","3.83","22.24","57.27","327115"
"India","Karnataka","Ballari","Siruguppa","Financial Year (Apr - Mar), 2020","36.60","55.60","","0.95","92.37","24.95","56.59","17.13","45.44","71.43","165734"
"India","Karnataka","Raichur","Sindhnur","Financial Year (Apr - Mar), 2020","None","49.98","25.17","1.24","78.52","14.65","55.73","13.86","30.19","53.73","133127"
"India","Karnataka","Ballari","Siruguppa","Financial Year (Apr - Mar), 2020","36.60","55.60","","0.95","92.37","24.95","56.59","17.13","45.44","71.43","165734"
"India","Karnataka","Vijayapura","Indi","Financial Year (Apr - Mar), 2020","14.79","53.74","52.05","6.89","79.88","18.79","51.17","8.08","51.72","58.71","94029"
"India","Karnataka","Chamarajanagara","Yelandur","Financial Year (Apr - Mar), 2020","18.63","31.05","6.96","","None","14.57","40.15","9.90","26.88","64.06","166500"
"India","Karnataka","Davangere","Harihar","Financial Year (Apr - Mar), 2020","22.10","37.59","","0.14","NaN","35.16","41.34","3.06","27.36","58.40","112330"
"India","Karnataka","Uttara Kannada","Dandeli","Financial Year (Apr - Mar), 2020","50.39","50.73","62.01","3.69","None","23.32","41.89","10.96","37.45","61.43","66599"
"India","Karnataka","Gadag","Ron","Financial Year (Apr - Mar), 2020","60.15","64.60","","","95.52","36.42","56.55","7.10","60.73","43.89","154969"
"India","Karnataka","Bengaluru Urban","Yelahanka","Financial Year (Apr - Mar), 2020","45.16","7.45","1.24","0.00","53.52","3.10","44.67","5.06","37.41","65.03","398780"
"India","Karnataka","Belagavi","Hukeri","Financial Year (Apr - Mar), 2020","5.97","26.37","17.55","0.19","None","25.34","49.51","7.47","31.31","48.79","106382"
"India","Karnataka","Haveri","Ranibennur","Financial Year (Apr - Mar), 2020","7.46","50.79","48.00","0.07","NaN","NaN","49.77","6.63","28.33","47.37","122145"
"India","Karnataka","Gadag","Ron","Financial Year (Apr - Mar), 2020","60.15","64.60","","","95.52","36.42","56.55","7.10","60.73","43.89","154969"
"India","Karnataka","Kalaburagi","","Financial Year (Apr - Mar), 2020","22.93","63.89","56.70","0.89","85.70","None","58.41","7.91","39.67","49.90","158977"
"India","Karnataka","Haveri","Shiggaon","Financial Year (Apr - Mar), 2020","NaN","60.83","46.87","1.23","75.50","29.07","52.41","7.25","44.15","50.88","110381"
"India","Karnataka","Gadag","Gajendragad","Financial Year (Apr - Mar), 2020","13.67","58.05","","0.33","91.98","21.58","57.78","11.06","62.13","81.54","110170"
"India","Karnataka","Ballari","Siruguppa","Financial Year (Apr - Mar), 2020","36.60","55.60","","0.95","92.37","24.95","56.59","17.13","45.44","71.43","165734"
"India","Karnataka","Dharwad","","Financial Year (Apr - Mar), 2020","11.87","67.59","47.79","0.72","76.16","12.94","59.96","4.60","60.47","51.17","155465"
"India","Karnataka","Chikkaballapura","","Financial Year (Apr - Mar), 2020","None","33.44","","0.01","94.53","13.42","47.61","13.79","21.85","65.65","92137"
"India","Karnataka","Davangere","Nyamathi","Financial Year (Apr - Mar), 2020","2.43","55.66","20.95","","82.52","8.14","44.36","3.27","55.60","47.59","111450"
"India","Karnataka","Hassan","Hassan","Financial Year (Apr - Mar), 2020","6.23","42.68","16.18","0.16","69.13","None","42.75","8.73","14.58","49.40","200009"
"India","Karnataka","Kalaburagi","Chittapur","Financial Year (Apr - Mar), 2020","NaN","46.40","48.41","1.64","86.53","21.41","51.97","13.41","69.21","55.18","102692"
"India","Karnataka","Bengaluru Rural","Dodda Ballapur","Financial Year (Apr - Mar), 2020","15.68","20.69","9.05","1.45","None","None","52.08","4.97","36.93","29.12","187189"
"India","Karnataka","Dakshina Kannada","Moodubidire","Financial Year (Apr - Mar), 2020","7.79","20.41","8.77","0.05","71.91","8.95","43.14","0.16","18.60","40.23","788705"
"India","Karnataka","Ballari","Sandur","Financial Year (Apr - Mar), 2020","33.88","57.10","45.96","1.30","NaN","22.04","51.85","13.66","35.11","73.22","198231"
"India","Karnataka","Mandya","","Financial Year (Apr - Mar), 2020","None","36.55","8.44","0.57","82.82","4.81","43.63","10.17","12.77","53.40","71001"
"India","Karnataka","Bagalkote","Rabakavi Banahatti","Financial Year (Apr - Mar), 2020","12.42","32.45","","1.45","75.44","11.05","44.36","5.69","48.46","60.95","110308"
"India","Karnataka","Chamarajanagara","","Financial Year (Apr - Mar), 2020","None","36.67","11.00","1.35","83.74","None","43.70","13.26","30.38","61.06","1392252"
"India","Karnataka","Yadgir","Hunasagi","Financial Year (Apr - Mar), 2020","None","52.94","59.88","0.27","91.97","20.38","52.93","14.57","50.13","51.19","103933"
"India","Karnataka","Uttara Kannada","Bhatkal","Financial Year (Apr - Mar), 2020","None","14.07","25.62","0.99","92.11","21.72","47.94","5.84","20.54","62.36","155537"
"India","Karnataka","Shivamogga","Shivamogga","Financial Year (Apr - Mar), 2020","None","55.74","12.48","0.51","NaN","6.87","40.31","4.47","31.83","53.79","248273"
"India","Karnataka","Haveri","Savanur","Financial Year (Apr - Mar), 2020","12.22","44.48","46.07","0.50","86.04","None","50.76","7.50","45.48","71.86","103440"
"India","Karnataka","Vijayapura","Vijayapura","Financial Year (Apr - Mar), 2020","11.21","36.42","","2.08","82.39","18.75","50.94","7.95","51.18","57.78","71993"
"India","Karnataka","Ballari","Kotturu","Financial Year (Apr - Mar), 2020","6.91","52.45","42.27","2.88","92.18","12.76","50.62","14.74","43.18","76.93","121607"
"India","Karnataka","Chitradurga","Holalkere","Financial Year (Apr - Mar), 2020","10.32","45.98","21.35","0.02","64.92","None","34.61","8.64","37.30","52.36","116701"
"India","Karnataka","Belagavi","","Financial Year (Apr - Mar), 2020","39.90","46.30","45.28","","NaN","18.52","49.00","8.51","35.97","50.90","116368"
"India","Karnataka","Vijayapura","Vijayapura","Financial Year (Apr - Mar), 2020","None","36.42","","2.08","NaN","18.75","50.94","7.95","51.18","57.78","71993"
"India","Karnataka","Raichur","Devadurga","Financial Year (Apr - Mar), 2020","None","32.43","47.46","0.13","84.74","13.33","57.02","19.68","51.02","61.77","93051"
"India","Karnataka","Ballari","Sandur","Financial Year (Apr - Mar), 2020","33.88","57.10","45.96","1.30","85.44","22.04","51.85","13.66","35.11","73.22","198231"
"India","Karnataka","Mandya","Mandya","Financial Year (Apr - Mar), 2020","29.50","21.88","8.32","1.43","89.84","7.55","37.33","9.10","21.73","46.25","129791"
"India","Karnataka","Bidar","Kamalnagar","Financial Year (Apr - Mar), 2020","NaN","62.94","40.67","","81.18","NaN","58.69","5.14","35.87","65.96","97948"
"India","Karnataka","Kodagu","Virajpet","Financial Year (Apr - Mar), 2020","18.34","34.71","17.01","1.11","67.50","9.27","37.69","6.24","34.86","40.99","211148"
"India","Karnataka","Davangere","","Financial Year (Apr - Mar), 2020","32.44","","20.99","0.18","84.78","NaN","44.04","5.21","44.18","54.15","164050"
"India","Karnataka","Belagavi","Raybag","Financial Year (Apr - Mar), 2020","4.77","40.08","","0.58","None","None","48.30","6.26","35.87","45.73","105929"
"India","Karnataka","Kolar","Bangarapet","Financial Year (Apr - Mar), 2020","1.56","27.60","9.51","0.14","88.51","11.41","40.36","4.98","21.94","60.45","116162"
"India","Karnataka","Koppal","Kukunoor","Financial Year (Apr - Mar), 2020","46.39","62.44","53.94","0.86","97.51","37.55","46.63","12.85","47.36","77.07","104288"
"India","Karnataka","Kolar","Srinivaspur","Financial Year (Apr - Mar), 2020","None","26.42","","0.12","87.20","3.85","45.40","6.02","21.21","47.43","134522"
"India","Karnataka","Belagavi","Hukeri","Financial Year (Apr - Mar), 2020","None","26.37","17.55","0.19","NaN","25.34","49.51","7.47","31.31","48.79","106382"
"India","Karnataka","Ballari","Kudligi","Financial Year (Apr - Mar), 2020","60.00","61.27","68.81","6.27","NaN","32.05","40.70","20.05","47.14","82.73","152649"
"India","Karnataka","Ballari","Harapanahalli","Financial Year (Apr - Mar), 2020","11.87","52.34","43.92","3.56","85.28","27.41","47.72","12.94","37.97","68.27","92793"
"India","Karnataka","Yadgir","Shahpur","Financial Year (Apr - Mar), 2020","16.12","38.98","62.52","0.39","NaN","15.33","51.18","18.48","46.04","63.54","112182"
"India","Karnataka","Koppal","Koppal","Financial Year (Apr - Mar), 2020","29.94","","","0.53","92.92","25.75","52.15","10.52","49.01","62.64","117765"
"India","Karnataka","Haveri","Byadgi","Financial Year (Apr - Mar), 2020","63.17","50.58","46.29","0.03","79.33","6.39","39.11","9.82","49.06","72.93","137788"
"India","Karnataka","Chikkaballapura","Sidlaghatta","Financial Year (Apr - Mar), 2020","0.33","44.80","12.32","0.00","74.53","2.13","42.08","10.82","12.58","69.23","104407"
"India","Karnataka","Kolar","Mulbagal","Financial Year (Apr - Mar), 2020","36.72","38.28","13.97","","None","4.65","42.17","6.69","16.38","43.90","155743"
"India","Karnataka","Dharwad","Navalgund","Financial Year (Apr - Mar), 2020","47.43","47.43","36.53","0.55","91.89","8.38","51.37","5.47","50.14","54.71","188091"
"India","Karnataka","Ramanagara","Magadi","Financial Year (Apr - Mar), 2020","NaN","41.48","4.97","0.19","84.77","2.76","36.26","9.57","11.60","60.65","178569"
"India","Karnataka","Vijayapura","Talikoti","Financial Year (Apr - Mar), 2020","18.12","55.33","53.60","","87.98","29.81","51.01","16.39","44.64","56.43","81016"
"India","Karnataka","Raichur","Devadurga","Financial Year (Apr - Mar), 2020","72.33","32.43","47.46","0.13","84.74","None","57.02","19.68","51.02","61.77","93051"
"India","Karnataka","Belagavi","","Financial Year (Apr - Mar), 2020","NaN","43.41","40.68","1.63","94.07","14.26","47.75","7.50","34.88","53.85","133467"
"India","Karnataka","Raichur","Sindhnur","Financial Year (Apr - Mar), 2020","NaN","49.98","25.17","1.24","NaN","14.65","55.73","13.86","30.19","53.73","133127"
"India","Karnataka","Kalaburagi","Yadrami","Financial Year (Apr - Mar), 2020","33.76","59.89","74.01","1.92","NaN","29.58","66.45","11.00","66.81","67.29","104817"
"India","Karnataka","Dakshina Kannada","Beltangadi","Financial Year (Apr - Mar), 2020","None","24.44","47.04","0.02","58.36","10.41","34.39","1.84","25.87","58.52","330823"
"India","Karnataka","Mandya","Mandya","Financial Year (Apr - Mar), 2020","29.50","21.88","8.32","1.43","89.84","NaN","37.33","9.10","21.73","46.25","129791"
"India","Karnataka","Hassan","Arkalgud","Financial Year (Apr - Mar), 2020","26.95","41.77","14.16","0.65","55.55","10.53","48.01","8.55","34.11","47.67","241055"
"India","Karnataka","Raichur","Raichur","Financial Year (Apr - Mar), 2020","18.91","56.66","48.91","0.07","79.70","13.56","60.77","17.94","45.63","60.50","116146"
"India","Karnataka","Ballari","Sandur","Financial Year (Apr - Mar), 2020","None","57.10","45.96","1.30","85.44","NaN","51.85","13.66","35.11","73.22","198231"
"India","Karnataka","Belagavi","","Financial Year (Apr - Mar), 2020","None","46.30","45.28","","95.06","18.52","49.00","8.51","35.97","50.90","116368"
"India","Karnataka","Uttara Kannada","Bhatkal","Financial Year (Apr - Mar), 2020","0.25","14.07","25.62","0.99","92.11","21.72","47.94","5.84","20.54","62.36","155537"
"India","Karnataka","Tumakuru","","Financial Year (Apr - Mar), 2020","None","27.49","27.59","0.43","None","9.41","43.63","7.59","28.69","57.49","162413"
"India","Karnataka","Haveri","Hangal","Financial Year (Apr - Mar), 2020","NaN","41.16","46.26","0.20","84.30","NaN","50.69","5.30","44.58","62.24","102786"
"India","Karnataka","Mysuru","Tirumakudal - Narsipur","Financial Year (Apr - Mar), 2020","None","30.93","5.82","0.83","44.24","14.93","53.07","5.74","28.04","65.32","108778"
"India","Karnataka","Chikkamagaluru","Tarikere","Financial Year (Apr - Mar), 2020","13.17","48.67","15.99","1.30","67.87","10.30","31.51","8.38","23.40","50.72","307349"
"India","Karnataka","Kolar","Srinivaspur","Financial Year (Apr - Mar), 2020","23.05","26.42","","0.12","87.20","None","45.40","6.02","21.21","47.43","134522"
"India","Karnataka","Davangere","Nyamathi","Financial Year (Apr - Mar), 2020","2.43","55.66","20.95","","None","8.14","44.36","3.27","55.60","47.59","111450"
"India","Karnataka","Ramanagara","Channapatna","Financial Year (Apr - Mar), 2020","36.30","25.99","10.64","0.44","None","4.46","43.76","9.27","16.28","66.83","176826"
"India","Karnataka","Tumakuru","","Financial Year (Apr - Mar), 2020","23.12","26.92","27.48","0.31","80.37","5.97","53.03","6.28","28.52","60.80","189192"
"India","Karnataka","Bagalkote","Guledgudda","Financial Year (Apr - Mar), 2020","None","57.19","50.56","1.19","83.87","26.20","51.55","4.84","55.57","78.32","192735"
"India","Karnataka","Uttara Kannada","Dandeli","Financial Year (Apr - Mar), 2020","50.39","50.73","62.01","3.69","94.81","23.32","41.89","10.96","37.45","61.43","66599"
"India","Karnataka","Vijayapura","Muddebihal","Financial Year (Apr - Mar), 2020","NaN","59.29","60.34","5.11","85.99","30.25","48.16","15.65","50.51","57.17","157615"
"India","Karnataka","Yadgir","Wadagera","Financial Year (Apr - Mar), 2020","23.26","","67.32","1.23","94.99","14.23","65.31","21.26","46.76","64.54","183326"
"India","Karnataka","Uttara Kannada","Bhatkal","Financial Year (Apr - Mar), 2020","NaN","14.07","25.62","0.99","92.11","21.72","47.94","5.84","20.54","62.36","155537"
"India","Karnataka","Uttara Kannada","Yellapur","Financial Year (Apr - Mar), 2020","11.44","37.49","","1.12","85.66","40.24","35.21","8.19","37.46","83.37","147265"
"India","Karnataka","Vijayapura","Chadachan","Financial Year (Apr - Mar), 2020","NaN","47.07","","","83.37","18.72","53.84","8.11","49.14","55.86","109558"
"India","Karnataka","Vijayapura","Basavana Bagevadi","Financial Year (Apr - Mar), 2020","None","51.18","","","None","30.53","46.66","16.67","45.37","59.33","114151"
"India","Karnataka","Shivamogga","Hosanagara","Financial Year (Apr - Mar), 2020","1.73","63.58","35.09","","78.21","7.11","36.69","8.83","29.59","53.53","199376"
"India","Karnataka","Koppal","","Financial Year (Apr - Mar), 2020","55.65","55.91","73.27","0.36","97.42","35.14","48.18","15.16","36.30","74.60","99589"
"India","Karnataka","Kalaburagi","Afzalpur","Financial Year (Apr - Mar), 2020","5.56","57.99","41.82","0.44","91.62","20.00","56.23","6.89","52.59","48.60","95449"
"India","Karnataka","Davangere","","Financial Year (Apr - Mar), 2020","32.44","","20.99","0.18","84.78","NaN","44.04","5.21","44.18","54.15","164050"
"India","Karnataka","Dakshina Kannada","Beltangadi","Financial Year (Apr - Mar), 2020","6.67","24.44","47.04","0.02","58.36","10.41","34.39","1.84","25.87","58.52","330823"
"India","Karnataka","Kodagu","Somvarpet","Financial Year (Apr - Mar), 2020","42.58","38.79","23.50","","78.28","NaN","40.14","3.72","27.06","54.99","152843"
"India","Karnataka","Kolar","Bangarapet","Financial Year (Apr - Mar), 2020","1.56","27.60","9.51","0.14","88.51","NaN","40.36","4.98","21.94","60.45","116162"
"India","Karnataka","Mandya","","Financial Year (Apr - Mar), 2020","7.16","23.27","8.17","1.50","87.18","None","42.01","8.74","18.27","58.10","237734"
"India","Karnataka","Hassan","Arkalgud","Financial Year (Apr - Mar), 2020","26.95","41.77","14.16","0.65","55.55","10.53","48.01","8.55","34.11","47.67","241055"
"India","Karnataka","Uttara Kannada","Dandeli","Financial Year (Apr - Mar), 2020","50.39","50.73","62.01","3.69","94.81","23.32","41.89","10.96","37.45","61.43","66599"
"India","Karnataka","Chitradurga","","Financial Year (Apr - Mar), 2020","NaN","45.58","20.86","0.25","67.06","None","37.59","9.13","35.81","49.79","156114"
"India","Karnataka","Chamarajanagara","Yelandur","Financial Year (Apr - Mar), 2020","NaN","31.05","6.96","","92.66","None","40.15","9.90","26.88","64.06","166500"
"India","Karnataka","Shivamogga","Shivamogga","Financial Year (Apr - Mar), 2020","NaN","55.74","12.48","0.51","71.11","NaN","40.31","4.47","31.83","53.79","248273"
"India","Karnataka","Haveri","Hangal","Financial Year (Apr - Mar), 2020","NaN","41.16","46.26","0.20","None","NaN","50.69","5.30","44.58","62.24","102786"
"India","Karnataka","Mysuru","Krishnarajanagara","Financial Year (Apr - Mar), 2020","7.16","43.31","8.50","","None","12.07","54.51","8.60","37.88","65.47","305652"
"India","Karnataka","Haveri","Savanur","Financial Year (Apr - Mar), 2020","12.22","44.48","46.07","0.50","86.04","35.13","50.76","7.50","45.48","71.86","103440"
"India","Karnataka","Chikkamagaluru","Mudigere","Financial Year (Apr - Mar), 2020","3.66","28.79","51.38","0.91","80.89","4.86","30.75","5.06","34.24","41.52","156692"
"India","Karnataka","Davangere","Davanagere","Financial Year (Apr - Mar), 2020","17.24","61.47","27.19","","85.02","13.96","46.53","3.18","32.60","60.02","174161"
"India","Karnataka","Ballari","Siruguppa","Financial Year (Apr - Mar), 2020","36.60","55.60","","0.95","NaN","24.95","56.59","17.13","45.44","71.43","165734"
"India","Karnataka","Dharwad","","Financial Year (Apr - Mar), 2020","11.87","67.59","47.79","0.72","76.16","12.94","59.96","4.60","60.47","51.17","155465"
"India","Karnataka","Ramanagara","Magadi","Financial Year (Apr - Mar), 2020","NaN","41.48","4.97","0.19","None","2.76","36.26","9.57","11.60","60.65","178569"
"India","Karnataka","Udupi","","Financial Year (Apr - Mar), 2020","33.92","22.13","33.75","0.04","34.15","31.16","46.32","3.81","21.13","48.53","226468"
"India","Karnataka","Kodagu","Virajpet","Financial Year (Apr - Mar), 2020","None","34.71","17.01","1.11","67.50","9.27","37.69","6.24","34.86","40.99","211148"
"India","Karnataka","Dakshina Kannada","","Financial Year (Apr - Mar), 2020","1.05","","25.55","0.01","None","6.46","34.90","2.82","30.41","69.89","318604"
"India","Karnataka","Belagavi","Nippani","Financial Year (Apr - Mar), 2020","11.93","32.80","17.00","0.49","None","None","48.28","3.79","24.29","47.48","107773"
"India","Karnataka","Bidar","Aurad","Financial Year (Apr - Mar), 2020","None","55.28","45.68","0.93","78.96","22.59","47.81","8.80","56.33","44.08","92057"
"India","Karnataka","Ballari","Siruguppa","Financial Year (Apr - Mar), 2020","36.60","55.60","","0.95","92.37","None","56.59","17.13","45.44","71.43","165734"
"India","Karnataka","Kalaburagi","Jevargi","Financial Year (Apr - Mar), 2020","16.39","59.11","69.19","1.79","86.79","21.73","59.89","9.92","63.43","55.24","82191"
"India","Karnataka","Haveri","Ranibennur","Financial Year (Apr - Mar), 2020","NaN","50.79","48.00","0.07","None","12.31","49.77","6.63","28.33","47.37","122145"
"India","Karnataka","Raichur","","Financial Year (Apr - Mar), 2020","None","42.64","48.92","","77.74","12.21","55.00","13.46","47.81","71.35","1113286"
"India","Karnataka","Dharwad","Alnavar","Financial Year (Apr - Mar), 2020","39.51","57.49","28.95","0.83","88.33","NaN","58.50","6.70","48.60","59.38","173311"
"India","Karnataka","Bengaluru Rural","Dodda Ballapur","Financial Year (Apr - Mar), 2020","None","20.69","9.05","1.45","75.55","0.68","52.08","4.97","36.93","29.12","187189"
"India","Karnataka","Belagavi","Raybag","Financial Year (Apr - Mar), 2020","4.77","40.08","","0.58","None","24.60","48.30","6.26","35.87","45.73","105929"
"India","Karnataka","Mandya","Maddur","Financial Year (Apr - Mar), 2020","7.16","36.51","13.26","","89.10","5.37","43.26","10.85","20.53","46.57","88522"
"India","Karnataka","Belagavi","Hukeri","Financial Year (Apr - Mar), 2020","5.97","26.37","17.55","0.19","78.86","25.34","49.51","7.47","31.31","48.79","106382"
"India","Karnataka","Yadgir","Wadagera","Financial Year (Apr - Mar), 2020","23.26","","67.32","1.23","94.99","None","65.31","21.26","46.76","64.54","183326"
"India","Karnataka","Hassan","Hole Narsipur","Financial Year (Apr - Mar), 2020","1.18","40.47","16.96","0.47","66.60","None","44.24","8.74","28.06","46.37","163557"
"India","Karnataka","Uttara Kannada","Yellapur","Financial Year (Apr - Mar), 2020","11.44","37.49","","1.12","85.66","40.24","35.21","8.19","37.46","83.37","147265"
"India","Karnataka","Mandya","Pandavapura","Financial Year (Apr - Mar), 2020","7.16","27.19","7.27","","95.37","NaN","39.11","8.46","30.99","51.99","390901"
"India","Karnataka","Haveri","Hangal","Financial Year (Apr - Mar), 2020","NaN","41.16","46.26","0.20","84.30","25.94","50.69","5.30","44.58","62.24","102786"
"India","Karnataka","Raichur","","Financial Year (Apr - Mar), 2020","34.98","42.64","48.92","","None","12.21","55.00","13.46","47.81","71.35","1113286"
"India","Karnataka","Belagavi","Mudalgi","Financial Year (Apr - Mar), 2020","None","38.64","26.61","","NaN","NaN","49.84","7.93","36.19","48.29","125567"
"India","Karnataka","Davangere","","Financial Year (Apr - Mar), 2020","32.44","","20.99","0.18","NaN","17.06","44.04","5.21","44.18","54.15","164050"
"India","Karnataka","Koppal","Kanakagiri","Financial Year (Apr - Mar), 2020","NaN","","58.13","0.63","NaN","31.19","48.97","15.59","42.31","77.19","191509"
"India","Karnataka","Bengaluru Urban","Anekal","Financial Year (Apr - Mar), 2020","NaN","14.27","1.41","0.27","None","4.56","34.10","1.70","17.66","58.55","310132"
"India","Karnataka","Bagalkote","Guledgudda","Financial Year (Apr - Mar), 2020","10.70","57.19","50.56","1.19","83.87","26.20","51.55","4.84","55.57","78.32","192735"
"India","Karnataka","Bengaluru Urban","Bengaluru South","Financial Year (Apr - Mar), 2020","None","12.85","1.31","0.65","78.86","6.11","32.92","2.44","22.12","63.02","936983"
"India","Karnataka","Shivamogga","Hosanagara","Financial Year (Apr - Mar), 2020","1.73","63.58","35.09","","78.21","7.11","36.69","8.83","29.59","53.53","199376"
"India","Karnataka","Chamarajanagara","Kollegal","Financial Year (Apr - Mar), 2020","18.58","33.45","","1.21","92.36","None","38.80","9.52","19.16","64.53","142587"
"India","Karnataka","Davangere","Channagiri","Financial Year (Apr - Mar), 2020","None","40.49","21.99","1.41","90.34","NaN","43.66","5.35","30.36","48.64","136427"
"India","Karnataka","Vijayapura","Talikoti","Financial Year (Apr - Mar), 2020","NaN","55.33","53.60","","NaN","29.81","51.01","16.39","44.64","56.43","81016"
"India","Karnataka","Haveri","","Financial Year (Apr - Mar), 2020","16.84","46.73","41.74","0.35","83.70","32.12","51.52","5.27","50.43","60.77","124963"
"India","Karnataka","Tumakuru","Turuvekere","Financial Year (Apr - Mar), 2020","30.10","","26.91","0.16","59.58","8.89","42.35","8.09","18.25","57.41","222227"
"India","Karnataka","Chitradurga","Hiriyur","Financial Year (Apr - Mar), 2020","NaN","","24.06","0.09","73.98","NaN","36.30","7.70","47.35","55.55","127522"
"India","Karnataka","Ballari","Sandur","Financial Year (Apr - Mar), 2020","33.88","57.10","45.96","1.30","NaN","22.04","51.85","13.66","35.11","73.22","198231"
"India","Karnataka","Vijayapura","Muddebihal","Financial Year (Apr - Mar), 2020","31.12","59.29","60.34","5.11","85.99","30.25","48.16","15.65","50.51","57.17","157615"
"India","Karnataka","Vijayapura","Talikoti","Financial Year (Apr - Mar), 2020","18.12","55.33","53.60","","87.98","29.81","51.01","16.39","44.64","56.43","81016"
"India","Karnataka","Hassan","Arkalgud","Financial Year (Apr - Mar), 2020","26.95","41.77","14.16","0.65","55.55","10.53","48.01","8.55","34.11","47.67","241055"
"India","Karnataka","Udupi","Kundapura","Financial Year (Apr - Mar), 2020","14.27","19.84","30.87","0.23","51.42","24.73","42.75","5.21","25.91","46.87","243563"
"India","Karnataka","Chitradurga","","Financial Year (Apr - Mar), 2020","NaN","42.20","21.30","0.27","52.76","18.79","31.73","7.47","26.38","31.52","127469"
"India","Karnataka","Haveri","Ranibennur","Financial Year (Apr - Mar), 2020","7.46","50.79","48.00","0.07","84.45","12.31","49.77","6.63","28.33","47.37","122145"
"India","Karnataka","Mysuru","Piriyapatna","Financial Year (Apr - Mar), 2020","NaN","39.14","","1.28","47.72","9.89","48.78","9.67","18.67","62.08","125315"
"India","Karnataka","Udupi","Karkal","Financial Year (Apr - Mar), 2020","17.41","22.55","34.01","1.83","61.68","None","48.72","1.30","19.33","77.03","326545"
"India","Karnataka","Raichur","Raichur","Financial Year (Apr - Mar), 2020","18.91","56.66","48.91","0.07","79.70","13.56","60.77","17.94","45.63","60.50","116146"
"India","Karnataka","Raichur","","Financial Year (Apr - Mar), 2020","17.74","52.00","38.42","0.27","83.55","14.56","56.40","15.62","33.69","54.32","114306"
"India","Karnataka","Uttara Kannada","Bhatkal","Financial Year (Apr - Mar), 2020","0.25","14.07","25.62","0.99","None","21.72","47.94","5.84","20.54","62.36","155537"
"India","Karnataka","Chikkaballapura","Chikkaballapura","Financial Year (Apr - Mar), 2020","NaN","","6.32","0.02","NaN","NaN","40.05","9.01","14.38","66.97","194130"
"India","Karnataka","Chitradurga","","Financial Year (Apr - Mar), 2020","14.00","42.20","21.30","0.27","52.76","18.79","31.73","7.47","26.38","31.52","127469"
"India","Karnataka","Davangere","Channagiri","Financial Year (Apr - Mar), 2020","79.36","40.49","21.99","1.41","90.34","13.60","43.66","5.35","30.36","48.64","136427"
"India","Karnataka","Chikkamagaluru","Ajjampura","Financial Year (Apr - Mar), 2020","13.67","43.20","17.73","0.90","None","None","42.25","6.76","30.77","42.82","262841"
"India","Karnataka","Shivamogga","Sorab","Financial Year (Apr - Mar), 2020","3.47","61.71","42.21","1.91","77.72","None","42.70","11.66","35.18","55.75","176634"
"India","Karnataka","Vijayapura","Chadachan","Financial Year (Apr - Mar), 2020","12.66","47.07","","","NaN","18.72","53.84","8.11","49.14","55.86","109558"
"India","Karnataka","Vijayapura","Vijayapura","Financial Year (Apr - Mar), 2020","11.21","36.42","","2.08","82.39","18.75","50.94","7.95","51.18","57.78","71993"
"India","Karnataka","Bidar","Aurad","Financial Year (Apr - Mar), 2020","29.41","55.28","45.68","0.93","78.96","22.59","47.81","8.80","56.33","44.08","92057"
"India","Karnataka","Gadag","Laxmeshwar","Financial Year (Apr - Mar), 2020","19.52","61.00","37.50","","86.29","None","43.08","8.16","51.66","63.24","89827"
"India","Karnataka","Dakshina Kannada","Puttur","Financial Year (Apr - Mar), 2020","6.90","9.63","24.01","0.00","68.27","14.32","37.88","2.15","26.74","49.65","322839"
"India","Karnataka","Dakshina Kannada","Mangaluru","Financial Year (Apr - Mar), 2020","1.03","16.64","8.85","0.09","70.46","NaN","37.27","0.52","20.01","49.49","378750"
"India","Karnataka","Raichur","Raichur","Financial Year (Apr - Mar), 2020","18.91","56.66","48.91","0.07","79.70","NaN","60.77","17.94","45.63","60.50","116146"
"India","Karnataka","Chikkamagaluru","Narasimharajapura","Financial Year (Apr - Mar), 2020","NaN","29.99","20.86","1.57","NaN","15.48","38.53","5.67","12.97","54.90","505972"
"India","Karnataka","Belagavi","Savadatti","Financial Year (Apr - Mar), 2020","8.36","48.57","43.23","3.67","None","19.06","47.42","10.69","32.87","51.36","107876"
"India","Karnataka","Chitradurga","","Financial Year (Apr - Mar), 2020","14.00","42.20","21.30","0.27","None","18.79","31.73","7.47","26.38","31.52","127469"
"India","Karnataka","Udupi","Brahmavara","Financial Year (Apr - Mar), 2020","None","33.24","36.27","","69.42","22.72","40.80","3.10","22.64","42.40","328369"
"India","Karnataka","Mandya","Nagamangala","Financial Year (Apr - Mar), 2020","NaN","34.92","15.08","1.11","NaN","NaN","38.86","11.11","14.94","53.13","243150"
"India","Karnataka","Vijayapura","Muddebihal","Financial Year (Apr - Mar), 2020","31.12","59.29","60.34","5.11","85.99","30.25","48.16","15.65","50.51","57.17","157615"
"India","Karnataka","Udupi","","Financial Year (Apr - Mar), 2020","4.86","16.55","47.11","0.40","64.70","19.07","57.49","3.39","23.96","54.48","359778"
"India","Karnataka","Hassan","Hole Narsipur","Financial Year (Apr - Mar), 2020","1.18","40.47","16.96","0.47","66.60","22.97","44.24","8.74","28.06","46.37","163557"
"India","Karnataka","Belagavi","Hukeri","Financial Year (Apr - Mar), 2020","5.97","26.37","17.55","0.19","78.86","25.34","49.51","7.47","31.31","48.79","106382"
"India","Karnataka","Vijayapura","Basavana Bagevadi","Financial Year (Apr - Mar), 2020","12.20","51.18","","","85.21","30.53","46.66","16.67","45.37","59.33","114151"
"India","Karnataka","Yadgir","Yadgir","Financial Year (Apr - Mar), 2020","42.41","","","0.44","94.26","30.73","46.13","24.82","55.20","57.56","102487"
"India","Karnataka","Shivamogga","Sorab","Financial Year (Apr - Mar), 2020","3.47","61.71","42.21","1.91","77.72","None","42.70","11.66","35.18","55.75","176634"
"India","Karnataka","Bagalkote","Mudhol","Financial Year (Apr - Mar), 2020","21.67","47.34","41.72","0.98","63.22","13.45","46.53","10.35","48.20","64.02","188586"
"India","Karnataka","Belagavi","Belagavi","Financial Year (Apr - Mar), 2020","34.19","27.20","16.37","0.91","85.34","None","46.95","4.06","32.44","63.14","121299"
"India","Karnataka","Ballari","","Financial Year (Apr - Mar), 2020","15.72","44.40","20.26","1.99","NaN","28.96","54.92","9.64","42.38","73.80","127623"
"India","Karnataka","Mandya","","Financial Year (Apr - Mar), 2020","7.16","36.55","8.44","0.57","82.82","4.81","43.63","10.17","12.77","53.40","71001"
"India","Karnataka","Kolar","Bangarapet","Financial Year (Apr - Mar), 2020","1.56","27.60","9.51","0.14","NaN","11.41","40.36","4.98","21.94","60.45","116162"
"India","Karnataka","Bidar","Basavakalyan","Financial Year (Apr - Mar), 2020","25.23","","43.84","2.05","76.10","21.23","50.02","8.29","38.53","59.63","107872"
"India","Karnataka","Ramanagara","Magadi","Financial Year (Apr - Mar), 2020","79.80","41.48","4.97","0.19","84.77","2.76","36.26","9.57","11.60","60.65","178569"
"India","Karnataka","Udupi","","Financial Year (Apr - Mar), 2020","NaN","16.55","47.11","0.40","64.70","19.07","57.49","3.39","23.96","54.48","359778"
"India","Karnataka","Dakshina Kannada","Beltangadi","Financial Year (Apr - Mar), 2020","NaN","24.44","47.04","0.02","NaN","10.41","34.39","1.84","25.87","58.52","330823"
"India","Karnataka","Chikkaballapura","","Financial Year (Apr - Mar), 2020","42.52","33.96","7.41","0.00","NaN","3.59","46.34","10.09","28.17","63.98","153364"
"India","Karnataka","Chikkaballapura","","Financial Year (Apr - Mar), 2020","42.52","33.96","7.41","0.00","87.30","3.59","46.34","10.09","28.17","63.98","153364"
"India","Karnataka","Haveri","Ranibennur","Financial Year (Apr - Mar), 2020","None","50.79","48.00","0.07","84.45","12.31","49.77","6.63","28.33","47.37","122145"
"India","Karnataka","Belagavi","Hukeri","Financial Year (Apr - Mar), 2020","5.97","26.37","17.55","0.19","78.86","25.34","49.51","7.47","31.31","48.79","106382"
"India","Karnataka","Mandya","","Financial Year (Apr - Mar), 2020","7.16","23.27","8.17","1.50","87.18","12.07","42.01","8.74","18.27","58.10","237734"
"India","Karnataka","Hassan","Hole Narsipur","Financial Year (Apr - Mar), 2020","None","40.47","16.96","0.47","66.60","None","44.24","8.74","28.06","46.37","163557"
"India","Karnataka","Mandya","","Financial Year (Apr - Mar), 2020","7.16","36.55","8.44","0.57","NaN","4.81","43.63","10.17","12.77","53.40","71001"
"India","Karnataka","Udupi","Brahmavara","Financial Year (Apr - Mar), 2020","NaN","33.24","36.27","","69.42","NaN","40.80","3.10","22.64","42.40","328369"
"India","Karnataka","Mysuru","Hunsur","Financial Year (Apr - Mar), 2020","7.16","31.83","3.74","1.92","None","11.47","50.17","10.28","25.45","63.43","142615"
"India","Karnataka","Uttara Kannada","Ankola","Financial Year (Apr - Mar), 2020","7.55","21.57","44.65","2.03","71.95","22.45","48.15","8.22","30.65","53.05","136579"
"India","Karnataka","Raichur","Sirwar","Financial Year (Apr - Mar), 2020","NaN","45.19","52.40","0.15","None","10.82","55.42","15.47","40.74","57.49","93243"
"India","Karnataka","Dharwad","Hubballi","Financial Year (Apr - Mar), 2020","NaN","48.91","35.09","0.76","87.56","9.69","46.72","4.15","59.70","52.89","67245"
"India","Karnataka","Yadgir","Yadgir","Financial Year (Apr - Mar), 2020","42.41","","","0.44","94.26","30.73","46.13","24.82","55.20","57.56","102487"
"India","Karnataka","Dharwad","","Financial Year (Apr - Mar), 2020","11.87","67.59","47.79","0.72","76.16","12.94","59.96","4.60","60.47","51.17","155465"
"India","Karnataka","Shivamogga","Hosanagara","Financial Year (Apr - Mar), 2020","1.73","63.58","35.09","","NaN","7.11","36.69","8.83","29.59","53.53","199376"
"India","Karnataka","Bengaluru Urban","Anekal","Financial Year (Apr - Mar), 2020","13.14","14.27","1.41","0.27","91.66","4.56","34.10","1.70","17.66","58.55","310132"
"India","Karnataka","Hassan","Hassan","Financial Year (Apr - Mar), 2020","6.23","42.68","16.18","0.16","NaN","None","42.75","8.73","14.58","49.40","200009"
"India","Karnataka","Belagavi","Kagwad","Financial Year (Apr - Mar), 2020","11.94","34.02","24.78","0.28","NaN","23.66","45.81","4.46","35.76","48.45","108891"
"India","Karnataka","Udupi","Kundapura","Financial Year (Apr - Mar), 2020","14.27","19.84","30.87","0.23","NaN","24.73","42.75","5.21","25.91","46.87","243563"
"India","Karnataka","Bengaluru Rural","Dodda Ballapur","Financial Year (Apr - Mar), 2020","None","20.69","9.05","1.45","75.55","0.68","52.08","4.97","36.93","29.12","187189"
"India","Karnataka","Chikkamagaluru","Tarikere","Financial Year (Apr - Mar), 2020","13.17","48.67","15.99","1.30","NaN","10.30","31.51","8.38","23.40","50.72","307349"
"India","Karnataka","Vijayapura","Talikoti","Financial Year (Apr - Mar), 2020","None","55.33","53.60","","NaN","29.81","51.01","16.39","44.64","56.43","81016"
"India","Karnataka","Mandya","","Financial Year (Apr - Mar), 2020","7.16","23.27","8.17","1.50","87.18","NaN","42.01","8.74","18.27","58.10","237734"
"India","Karnataka","Kalaburagi","Jevargi","Financial Year (Apr - Mar), 2020","16.39","59.11","69.19","1.79","86.79","21.73","59.89","9.92","63.43","55.24","82191"
"India","Karnataka","Koppal","Kanakagiri","Financial Year (Apr - Mar), 2020","67.04","","58.13","0.63","97.32","NaN","48.97","15.59","42.31","77.19","191509"
"India","Karnataka","Chamarajanagara","Yelandur","Financial Year (Apr - Mar), 2020","None","31.05","6.96","","92.66","14.57","40.15","9.90","26.88","64.06","166500"
"India","Karnataka","Gadag","Ron","Financial Year (Apr - Mar), 2020","60.15","64.60","","","None","36.42","56.55","7.10","60.73","43.89","154969"
"India","Karnataka","Raichur","Raichur","Financial Year (Apr - Mar), 2020","18.91","56.66","48.91","0.07","79.70","13.56","60.77","17.94","45.63","60.50","116146"
"India","Karnataka","Raichur","Devadurga","Financial Year (Apr - Mar), 2020","None","32.43","47.46","0.13","84.74","NaN","57.02","19.68","51.02","61.77","93051"
"India","Karnataka","Raichur","","Financial Year (Apr - Mar), 2020","39.75","","41.42","1.02","77.90","11.96","60.14","16.48","40.81","64.84","145930"
"India","Karnataka","Koppal","","Financial Year (Apr - Mar), 2020","55.65","55.91","73.27","0.36","97.42","35.14","48.18","15.16","36.30","74.60","99589"
"India","Karnataka","Mysuru","Piriyapatna","Financial Year (Apr - Mar), 2020","NaN","39.14","","1.28","47.72","9.89","48.78","9.67","18.67","62.08","125315"
"India","Karnataka","Mysuru","Piriyapatna","Financial Year (Apr - Mar), 2020","7.16","39.14","","1.28","47.72","9.89","48.78","9.67","18.67","62.08","125315"
"India","Karnataka","Ballari","Kudligi","Financial Year (Apr - Mar), 2020","60.00","61.27","68.81","6.27","98.24","32.05","40.70","20.05","47.14","82.73","152649"
"India","Karnataka","Kalaburagi","Afzalpur","Financial Year (Apr - Mar), 2020","5.56","57.99","41.82","0.44","91.62","20.00","56.23","6.89","52.59","48.60","95449"
"India","Karnataka","Udupi","","Financial Year (Apr - Mar), 2020","NaN","22.13","33.75","0.04","34.15","31.16","46.32","3.81","21.13","48.53","226468"
"India","Karnataka","Bengaluru Urban","Bengaluru South","Financial Year (Apr - Mar), 2020","10.90","12.85","1.31","0.65","NaN","6.11","32.92","2.44","22.12","63.02","936983"
"India","Karnataka","Uttara Kannada","Kumta","Financial Year (Apr - Mar), 2020","79.95","21.06","40.52","1.43","53.26","28.90","44.39","5.64","25.05","34.63","182938"
"India","Karnataka","Bengaluru Rural","Dodda Ballapur","Financial Year (Apr - Mar), 2020","15.68","20.69","9.05","1.45","75.55","0.68","52.08","4.97","36.93","29.12","187189"
"India","Karnataka","Dharwad","","Financial Year (Apr - Mar), 2020","11.87","67.59","47.79","0.72","76.16","NaN","59.96","4.60","60.47","51.17","155465"
"India","Karnataka","Dakshina Kannada","","Financial Year (Apr - Mar), 2020","6.30","","39.52","0.00","62.72","13.93","32.35","2.07","25.78","39.58","414937"
"India","Karnataka","Chikkamagaluru","Sringeri","Financial Year (Apr - Mar), 2020","None","17.54","10.86","0.00","84.86","10.99","34.03","3.65","15.14","47.34","438972"
"India","Karnataka","Mandya","","Financial Year (Apr - Mar), 2020","None","23.27","8.17","1.50","87.18","NaN","42.01","8.74","18.27","58.10","237734"
"India","Karnataka","Tumakuru","Chiknayakanhalli","Financial Year (Apr - Mar), 2020","None","29.80","17.88","0.13","79.42","None","47.60","6.91","20.29","63.82","203923"
"India","Karnataka","Raichur","Sindhnur","Financial Year (Apr - Mar), 2020","NaN","49.98","25.17","1.24","78.52","14.65","55.73","13.86","30.19","53.73","133127"
"India","Karnataka","Hassan","Sakleshpur","Financial Year (Apr - Mar), 2020","22.42","38.90","13.92","0.91","None","13.76","45.58","7.26","20.02","58.49","204376"
"India","Karnataka","Bengaluru Urban","Anekal","Financial Year (Apr - Mar), 2020","13.14","14.27","1.41","0.27","91.66","4.56","34.10","1.70","17.66","58.55","310132"
"India","Karnataka","Bagalkote","Mudhol","Financial Year (Apr - Mar), 2020","21.67","47.34","41.72","0.98","None","None","46.53","10.35","48.20","64.02","188586"
"India","Karnataka","Tumakuru","Sira","Financial Year (Apr - Mar), 2020","NaN","36.17","17.59","0.71","None","None","42.99","8.55","35.73","40.02","205762"
"India","Karnataka","Belagavi","","Financial Year (Apr - Mar), 2020","NaN","46.30","45.28","","95.06","18.52","49.00","8.51","35.97","50.90","116368"
"India","Karnataka","Vijayapura","Indi","Financial Year (Apr - Mar), 2020","14.79","53.74","52.05","6.89","79.88","18.79","51.17","8.08","51.72","58.71","94029"
"India","Karnataka","Ballari","Sandur","Financial Year (Apr - Mar), 2020","33.88","57.10","45.96","1.30","NaN","22.04","51.85","13.66","35.11","73.22","198231"
"India","Karnataka","Bengaluru Urban","Bengaluru South","Financial Year (Apr - Mar), 2020","10.90","12.85","1.31","0.65","NaN","6.11","32.92","2.44","22.12","63.02","936983"
"India","Karnataka","Vijayapura","Muddebihal","Financial Year (Apr - Mar), 2020","NaN","59.29","60.34","5.11","NaN","30.25","48.16","15.65","50.51","57.17","157615"
"India","Karnataka","Hassan","Arsikere","Financial Year (Apr - Mar), 2020","89.97","51.64","14.95","","76.30","17.33","43.47","8.10","22.36","64.12","102535"
"India","Karnataka","Kolar","","Financial Year (Apr - Mar), 2020","4.66","30.48","","0.10","77.23","4.28","41.37","6.34","25.20","47.81","105742"
"India","Karnataka","Shivamogga","Hosanagara","Financial Year (Apr - Mar), 2020","1.73","63.58","35.09","","78.21","7.11","36.69","8.83","29.59","53.53","199376"
"India","Karnataka","Vijayapura","Basavana Bagevadi","Financial Year (Apr - Mar), 2020","NaN","51.18","","","85.21","30.53","46.66","16.67","45.37","59.33","114151"
"India","Karnataka","Vijayapura","Sindgi","Financial Year (Apr - Mar), 2020","None","51.64","54.16","","NaN","22.44","47.60","7.99","50.59","52.50","108827"
"India","Karnataka","Bidar","Aurad","Financial Year (Apr - Mar), 2020","NaN","55.28","45.68","0.93","None","NaN","47.81","8.80","56.33","44.08","92057"
"India","Karnataka","Shivamogga","Hosanagara","Financial Year (Apr - Mar), 2020","1.73","63.58","35.09","","78.21","7.11","36.69","8.83","29.59","53.53","199376"
"India","Karnataka","Ballari","Sandur","Financial Year (Apr - Mar), 2020","None","57.10","45.96","1.30","NaN","22.04","51.85","13.66","35.11","73.22","198231"
"India","Karnataka","Ballari","Siruguppa","Financial Year (Apr - Mar), 2020","36.60","55.60","","0.95","92.37","None","56.59","17.13","45.44","71.43","165734"
"India","Karnataka","Chitradurga","Hiriyur","Financial Year (Apr - Mar), 2020","8.39","","24.06","0.09","None","None","36.30","7.70","47.35","55.55","127522"
"India","Karnataka","Raichur","Raichur","Financial Year (Apr - Mar), 2020","18.91","56.66","48.91","0.07","79.70","13.56","60.77","17.94","45.63","60.50","116146"
"India","Karnataka","Belagavi","Hukeri","Financial Year (Apr - Mar), 2020","5.97","26.37","17.55","0.19","78.86","25.34","49.51","7.47","31.31","48.79","106382"
"India","Karnataka","Mandya","Mandya","Financial Year (Apr - Mar), 2020","NaN","21.88","8.32","1.43","89.84","None","37.33","9.10","21.73","46.25","129791"
"India","Karnataka","Vijayapura","Chadachan","Financial Year (Apr - Mar), 2020","12.66","47.07","","","83.37","18.72","53.84","8.11","49.14","55.86","109558"
"India","Karnataka","Davangere","Harihar","Financial Year (Apr - Mar), 2020","22.10","37.59","","0.14","NaN","NaN","41.34","3.06","27.36","58.40","112330"
"India","Karnataka","Kodagu","Madikeri","Financial Year (Apr - Mar), 2020","None","36.94","19.47","1.83","NaN","15.49","42.51","3.75","31.83","67.19","214576"
"India","Karnataka","Chitradurga","Hiriyur","Financial Year (Apr - Mar), 2020","8.39","","24.06","0.09","None","14.37","36.30","7.70","47.35","55.55","127522"
"India","Karnataka","Udupi","Kundapura","Financial Year (Apr - Mar), 2020","14.27","19.84","30.87","0.23","NaN","24.73","42.75","5.21","25.91","46.87","243563"
"India","Karnataka","Bidar","Bhalki","Financial Year (Apr - Mar), 2020","2.46","58.23","52.15","0.35","None","36.47","58.40","5.25","30.03","58.35","105488"
"India","Karnataka","Vijayapura","Babaleshwar","Financial Year (Apr - Mar), 2020","0.67","44.23","48.06","","83.77","19.48","47.50","8.78","45.65","57.51","217333"
"India","Karnataka","Davangere","Harihar","Financial Year (Apr - Mar), 2020","22.10","37.59","","0.14","NaN","35.16","41.34","3.06","27.36","58.40","112330"
"India","Karnataka","Davangere","Nyamathi","Financial Year (Apr - Mar), 2020","2.43","55.66","20.95","","82.52","8.14","44.36","3.27","55.60","47.59","111450"
"India","Karnataka","Kolar","Malur","Financial Year (Apr - Mar), 2020","3.94","38.81","5.79","0.59","67.02","None","42.06","5.66","18.91","48.91","210291"
"India","Karnataka","Haveri","Rattihalli","Financial Year (Apr - Mar), 2020","14.57","59.78","46.48","","87.25","19.45","40.32","8.44","27.68","47.21","114302"
